46.28213884677033;1;120
41.50710485283194;2;120
-147.79712963080723;3;10
-142.44272571574152;4;22
-128.0436381860626;5;104
-118.60583197041494;6;118
31.34056360500541;7;120
-139.52223060159793;8;41
39.09934762426695;9;120
26.727614295312534;10;120
36.34869512878824;11;120
41.65019897449299;12;120
66.53870026073193;13;120
-165.21289112813452;14;119
39.72138377043608;15;120
35.16861215463205;16;120
54.350767165935515;17;120
-129.83576867289216;18;73
-163.50809276919614;19;100
39.97703323300501;20;120
39.12705385988181;21;120
38.07110191327764;22;120
-121.52828591677857;23;71
-147.7654685861195;24;13
47.8761880682283;25;120
-157.51191421359005;26;107
-137.0693031317177;27;77
-148.18918070827542;28;6
-170.23488094585485;29;88
-136.57630744714393;30;44
-181.06284542918795;31;58
49.67340879813341;32;120
44.34516564836951;33;120
-141.86132659685984;34;31
-120.73397762113888;35;86
-183.12628427974758;36;48
-144.647526181884;37;22
-148.1692875871891;38;6
-132.04189965056185;39;68
-117.48343056575153;40;96
-145.59971231483362;41;49
-141.01419942087045;42;42
-139.86551843275728;43;35
-116.06760074298083;44;117
45.31803382948917;45;120
-137.59127839646902;46;41
-138.14520824362833;47;50
-106.02510446891762;48;97
31.349202734056274;49;120
-126.9034269291133;50;118
-145.80970913088956;51;13
-137.29006543545879;52;42
-191.0816444015814;53;33
43.18729295882299;54;120
-103.00705432499304;55;120
64.87633155635713;56;120
44.14298632222757;57;120
-107.47080206706325;58;105
-140.81013001043917;59;40
-127.65843210445907;60;70
-116.93060838748929;61;107
57.840564426700745;62;120
-173.77472138056368;63;69
-144.31819326836498;64;28
-145.6804898862618;65;41
-168.03440208860223;66;77
41.706120168410145;67;120
-109.7548540923558;68;92
50.6844753039555;69;120
53.035667365487996;70;85
-158.0910818526827;71;114
-114.33830829422828;72;118
-133.62086994365612;73;58
-175.82004449556692;74;94
42.62494973687565;75;120
-143.53937781375345;76;107
-140.9351999855684;77;29
-148.47015947609646;78;5
-147.99631384940443;79;7
-148.81610291036722;80;4
-148.7568977304686;81;4
-119.75956261261882;82;114
-138.4107250154671;83;50
43.26032251592328;84;120
44.401590813375236;85;120
-138.24660530635384;86;42
-187.43223077072477;87;48
40.328709676031046;88;120
-177.02130927958763;89;60
-129.89723648314384;90;62
-179.61976602515946;91;80
-140.66873020962973;92;49
-142.43213915697214;93;30
46.95007338519259;94;120
-138.08612996942077;95;44
-140.12797040778864;96;37
-132.6556253699878;97;69
-113.28655619337363;98;72
-179.78512304434378;99;45
-120.68417510441952;100;94
-167.03755667325873;101;86
-128.85201394008573;102;81
-126.2442901065278;103;76
-142.81550902910774;104;31
-128.2172509674103;105;109
-138.35055503728358;106;39
53.375309031286875;107;120
-142.66240281584632;108;32
-134.33471715719716;109;58
-141.99036621124947;110;32
-144.57808598538912;111;24
-143.1789196269039;112;35
-141.89852015027955;113;41
-138.63301497873056;114;46
-143.16247435188532;115;27
-141.80698036825933;116;34
42.75629163749849;117;120
34.31525310039774;118;120
34.060409144561355;119;120
-134.14353198951662;120;61
28.994647671544357;121;120
21.28762937751607;122;120
-146.57089751774834;123;23
-146.82927056459144;124;24
-132.81879110189448;125;60
-134.48245790740896;126;81
-147.5530635030649;127;11
-143.20089421303967;128;26
-147.40200467526344;129;11
42.90896605916209;130;120
-166.98551983691152;131;91
-183.99237896891157;132;30
-136.95127046969372;133;69
-194.0059858525236;134;16
-193.54631987010634;135;33
-192.66058934969607;136;33
-137.755823944107;137;42
-126.87325180249688;138;89
-187.2759882203202;139;58
-186.69436685882368;140;40
-124.31477590014381;141;88
-197.09030688011273;142;17
-133.43738037459423;143;96
-133.2052176508704;144;66
-135.1537327646317;145;33
-143.32129674831006;146;24
-144.03451314578845;147;30
-143.34618046201746;148;32
-131.6608969821388;149;78
57.7964371146998;150;120
-145.5397448748741;151;22
-140.40150419983854;152;44
-136.40558553466374;153;86
-131.482320591897;154;107
-140.34524105334992;155;47
-143.2724521139119;156;28
50.693708161288974;157;120
-142.016713148218;158;47
-189.58462248976664;159;19
-129.87351678117184;160;110
-140.7747892508259;161;53
29.512197564794572;162;120
-125.46590727995053;163;95
-145.00948442213902;164;20
26.201595483248408;165;120
26.98515141594805;166;120
22.419248705116992;167;120
26.019095319788004;168;120
56.130824403652014;169;120
-127.7657042468916;170;94
-136.7444532185445;171;47
-138.05919554866355;172;43
25.00849337562282;173;120
27.315060416134763;174;120
23.626937803222372;175;120
-139.91831414943667;176;48
26.418296367930196;177;120
-181.079136550849;178;94
24.81004124762264;179;120
-140.34583717034224;180;41
-190.222645396084;181;49
27.089802660947075;182;120
29.092606276615996;183;120
28.32922782774762;184;120
24.188436100987353;185;120
28.669814097952184;186;120
28.327189501955115;187;120
-138.2901407271752;188;44
25.2592004835331;189;120
-139.36343164255945;190;38
27.513749443140586;191;120
-135.2165760097721;192;64
-135.66299000972668;193;71
-177.31998440510753;194;100
26.75901441563005;195;120
30.699219892257105;196;120
36.869818233452605;197;120
31.309247576351634;198;120
30.40379889709524;199;120
30.40389758897879;200;120
27.511597226820534;201;120
33.48961696134056;202;120
-191.97719032224956;203;35
27.366409658416288;204;120
-176.06283618863097;205;100
-193.79540920829965;206;27
31.168261541083442;207;120
-176.18789812196724;208;108
-131.01014863570637;209;78
-187.12778747025732;210;53
32.650427451759924;211;120
-133.15633480234044;212;63
33.89564294691883;213;120
27.034118078056906;214;120
33.86750734017894;215;120
-133.2798450255681;216;59
-185.0247946426271;217;62
-179.72521143026444;218;83
-138.77751697281235;219;44
-124.20650506550496;220;80
32.86393831922066;221;120
-183.98948594642837;222;61
31.42192276814121;223;120
-130.52409320980576;224;55
30.253793500166122;225;120
36.179851090057184;226;120
-133.48408477716313;227;48
40.653968864984286;228;120
-191.28692146975732;229;29
-189.54829373550305;230;33
37.28095897861012;231;120
51.421586979930886;232;120
-118.5259402844864;233;67
37.2938462409219;234;120
-184.87627963398427;235;46
-186.26488595218294;236;61
44.347054860734396;237;120
27.796431210925643;238;120
-133.38278695586163;239;64
-119.27956157001785;240;116
-127.16026071332648;241;95
37.83944356257099;242;120
-143.98903618416028;243;21
-143.4680276657298;244;21
-188.72547819995782;245;31
37.2164761314276;246;120
-181.0465611930879;247;69
-181.97528692971642;248;71
37.201233644478805;249;120
-132.08653214867977;250;70
-135.0784509422762;251;38
-129.67864786641502;252;87
-183.84712435280915;253;48
-119.30280362228326;254;71
-125.48523410633649;255;63
-182.72769640059522;256;37
-121.78814962837018;257;100
-125.71255429035361;258;56
29.414258597428265;259;120
29.082517265410285;260;120
-139.1616358521466;261;46
35.49074831086687;262;120
18.35219709303672;263;120
-192.8431948180413;264;25
31.05060210781138;265;120
-145.02771718704938;266;17
-143.84630066686486;267;19
-188.24816210887897;268;36
30.430723296354056;269;120
-140.68534137722082;270;43
27.294949484056993;271;120
43.2282077742596;272;120
41.16701368623695;273;120
41.12005091102274;274;120
-143.15113374976778;275;27
33.70715648019898;276;120
-129.09420745096958;277;81
-127.4366250815373;278;97
-192.89147542831884;279;32
-127.09843156815035;280;60
-139.81241255771158;281;31
-126.5491040481553;282;90
-116.909253779529;283;96
-192.59305187661565;284;27
-118.6859745631056;285;98
-181.18846812900986;286;48
-110.4530862824305;287;112
38.716002379905234;288;120
32.099742890397884;289;120
31.69206381997579;290;120
-127.00005200220237;291;78
38.57631291099716;292;120
-139.00071737943597;293;60
33.21134509885798;294;120
24.08821746066018;295;120
-129.68083780257552;296;84
-146.07435353295446;297;19
-141.108813461436;298;29
-141.38704169495264;299;37
-135.54418414268386;300;57
41.50470899798167;301;120
-137.28215812933706;302;34
-171.6012602306989;303;110
-141.4006312049403;304;28
43.86166461708234;305;120
49.114148776309364;306;120
-184.63866404539857;307;65
-135.9847446038209;308;37
-192.97083837753317;309;32
40.21444900163392;310;120
22.713021490852295;311;120
-62.266871542541026;312;78
-123.85709539544224;313;86
-144.9045147398516;314;35
-167.22123778406254;315;107
-192.774049956678;316;39
-146.35150244096255;317;17
-148.48095772915013;318;6
-148.3411288023843;319;5
-148.46405438783222;320;6
65.50806275447088;321;120
-188.82169158161435;322;52
-181.01640651488756;323;44
-140.4402882589753;324;40
-142.51645940411316;325;35
-145.31944632087442;326;19
42.53647166400356;327;120
-139.61246366660092;328;44
49.18471931126673;329;120
-108.85616362929949;330;115
-144.74774965434585;331;29
-127.17132742385091;332;60
-136.47067890307375;333;28
-131.38445193646197;334;40
-174.2846177345949;335;63
-136.50913192327783;336;49
27.082499300316062;337;120
-187.01621800124238;338;45
-142.04499325077154;339;36
-140.4994966129435;340;39
-192.94958258497283;341;31
-147.48569050232192;342;19
-123.10857280703098;343;74
-184.87600540272996;344;46
-190.4743967239127;345;41
-147.69856040269835;346;19
-145.49411493277356;347;15
-144.0472656362646;348;17
-145.54393011519005;349;19
-190.42599364888397;350;39
-133.2398404287877;351;57
-142.60804870687966;352;27
-146.95254348819412;353;27
-145.52376805282591;354;19
-146.6465710749759;355;29
-138.89820371100794;356;62
-140.38127239627352;357;39
-145.7300594267221;358;26
-137.39100095943797;359;49
-145.349589288099;360;19
-117.96626156701139;361;100
-142.42435087158697;362;109
-147.5406883819994;363;20
-189.50999546669902;364;25
-146.68205405054493;365;22
-141.03496842596516;366;30
-146.57518010472162;367;33
-192.90299540129178;368;34
-193.71879999214997;369;31
-145.21393369319026;370;28
-147.7816415719139;371;17
-147.21970175850979;372;13
-191.6661591010633;373;22
-139.2138866630207;374;36
-146.60180275766197;375;15
-196.57714513752302;376;22
-195.369367466378;377;33
-143.1287467084344;378;29
-197.05746180613468;379;22
-143.95941358504385;380;23
-147.67239700016376;381;15
-190.9261803285163;382;42
-147.3788950659885;383;20
-185.23904882569076;384;35
-146.36477239781004;385;24
-145.85374047860955;386;27
-188.60295240015043;387;40
-190.25538214981006;388;38
-145.19096645157737;389;31
-143.14653527322253;390;116
-193.1086368859565;391;32
-143.25209405808928;392;32
-142.6106917422826;393;31
-190.1246275503638;394;45
-145.19513588707613;395;15
-196.9996545620569;396;22
-146.65559194496444;397;15
-146.9250367304426;398;19
-145.82525832388842;399;17
-190.73328363877425;400;40
-137.51472755504938;401;115
-194.77452060258344;402;27
-145.55018316238943;403;26
-139.28820075328323;404;35
-147.55160407254235;405;24
13.45991383418027;406;120
-138.38376842423514;407;50
-190.508501637077;408;33
-146.41907153929145;409;24
-146.26898170802855;410;28
-137.79622712478968;411;59
-190.22530614919768;412;26
-146.628555978208;413;17
39.45007946072311;414;120
-139.89317736864604;415;37
-195.31842053234874;416;28
-172.4050817370987;417;45
-143.70335202024958;418;51
-143.23372756893357;419;29
-146.3883694463612;420;18
-147.61257232453934;421;15
-144.35703252418176;422;22
-193.1166311620695;423;27
-146.98221140315098;424;16
-138.42466406358454;425;37
-142.64621946556278;426;28
12.92564642643766;427;120
17.285053719426575;428;120
13.954969706667704;429;120
-147.45608725101064;430;18
-147.5021646353228;431;18
-192.77439915110605;432;28
-193.2147966868698;433;26
-147.0570535849736;434;14
-147.81599630579285;435;11
10.372266031572801;436;120
11.366760672430274;437;120
17.070018781536657;438;120
-146.49888880648896;439;23
-144.64354142256738;440;37
-139.10039944374893;441;120
-145.45431313313225;442;33
-144.96795004137002;443;21
16.22674716297755;444;120
16.040697095527836;445;120
-144.7463559604758;446;27
-146.9858220093105;447;13
-147.76863377007862;448;12
16.778470210800787;449;120
-146.41208916813693;450;20
-142.00472928366946;451;48
-143.6899453249539;452;32
9.98587303122562;453;120
-145.12671557034957;454;31
13.936665366735035;455;120
-147.1259091302665;456;20
13.794483894423562;457;120
-146.6591084211647;458;19
-143.93455737451077;459;42
-144.0847991026045;460;28
-140.85682776174576;461;92
-140.16809407754306;462;64
-141.02304278053452;463;57
-145.9522418777745;464;24
-144.47977527569964;465;51
-143.90942121574685;466;39
-144.3254666530048;467;29
16.602146995916357;468;120
-144.04500184951823;469;52
-146.7215451359113;470;18
16.94092183524273;471;120
-143.44765133312623;472;31
15.029383170446652;473;120
-146.95410626734997;474;16
16.110687617796582;475;120
-137.83936919976696;476;65
7.7655502439451745;477;120
-141.81404818214764;478;40
16.86479339219018;479;120
23.95347224342522;480;120
25.643465976407054;481;120
20.306860980423266;482;120
24.190804259651497;483;120
-147.35113566632293;484;15
-147.14833789499374;485;16
25.607406666531094;486;120
-146.44832997988024;487;19
-137.54371780364824;488;93
19.42520404000771;489;120
16.985854745361546;490;120
-146.08582735814298;491;27
16.262723787954283;492;120
-144.28513898851446;493;39
-146.9324658751685;494;17
11.415889464782754;495;120
-143.77518088754414;496;26
14.660661780952351;497;120
-143.49499027330214;498;47
19.72602523608562;499;120
14.964191441151385;500;120
12.250872848590332;501;120
-145.67664307588154;502;21
-146.87234725459652;503;18
-141.7578180671579;504;33
10.836489718509245;505;120
13.344651081847992;506;120
-144.66417663115493;507;51
-137.37075502985613;508;94
-147.32835954065317;509;19
-194.07776598649417;510;25
15.204193900197838;511;120
-192.1407088209865;512;34
-145.2378203376277;513;23
-144.6814758208765;514;26
15.064938960332618;515;120
-144.29976981262442;516;29
-140.56613004309236;517;35
-145.86987847948535;518;25
-190.75152099104508;519;39
-189.22851074384815;520;46
-193.94727844578466;521;33
19.55070327273757;522;120
-140.55818691971143;523;38
-140.5864624688124;524;51
-136.35708282502068;525;89
-147.11357438330643;526;16
-139.39399172663028;527;57
-139.4326895652102;528;42
27.15802450122804;529;120
-194.93472320714685;530;37
-137.82491469970938;531;62
-145.63972689508765;532;23
-132.47590747074935;533;72
-138.3752221166473;534;45
-146.17342198434108;535;26
-145.76658230019885;536;29
-146.0039467862619;537;28
-138.3248243444066;538;61
-133.59386263718955;539;78
-144.2705334689702;540;20
24.865005049369167;541;120
-146.92823573974007;542;18
-144.63807032674185;543;37
-138.966278136266;544;41
-128.04158550540004;545;76
22.783257098868322;546;120
-148.01601753339563;547;13
-147.99909959598017;548;12
-137.2836130832083;549;99
-143.82207462261553;550;30
-137.08810677890898;551;54
-134.4184997190894;552;113
-145.5427738981032;553;23
-136.40636809972796;554;87
-129.8377527916838;555;90
19.9737489860057;556;120
-141.69513444539348;557;30
-143.07936016453726;558;27
15.905312161105298;559;120
-143.2392429486617;560;30
-147.9563735666869;561;12
-144.77700230681236;562;25
-145.37682751468543;563;23
19.35852136656638;564;120
-147.20187593897512;565;16
-138.7273971675686;566;62
-146.9176316529898;567;16
-138.78878451335612;568;45
-143.73885983447764;569;30
-193.86104798124626;570;31
-191.5534908864135;571;33
-141.895402580627;572;40
-147.32475099426395;573;16
-192.2400263270613;574;36
-146.79951056821812;575;18
-144.7652643178303;576;27
-140.72006638017032;577;41
-142.71513575391796;578;28
-141.9117750095258;579;43
-140.90462099058823;580;36
-143.53598841898125;581;28
-144.0078531707169;582;31
-140.04520506869017;583;46
-145.8304992733986;584;23
-189.117320230396;585;39
-194.73967622840266;586;32
-140.7130780052844;587;37
23.39064488314323;588;120
-192.4383220990161;589;41
-140.7494182106165;590;40
-142.1030039036743;591;29
37.59817785156827;592;120
-131.89913858796234;593;74
-195.25564541229946;594;31
24.195064833202565;595;120
-143.87909534017038;596;27
-145.23820196640628;597;18
-145.51585621019714;598;17
-143.32940352414326;599;30
-118.76619075811085;600;114
42.20421552788592;601;120
19.20246175496505;602;120
-142.3074725542123;603;49
-141.3168192857618;604;37
-142.3402884320177;605;46
30.277560658265088;606;120
23.84873508742341;607;120
-142.53079173123567;608;30
-146.54081958414145;609;16
-144.85462087785362;610;25
-147.09731768571677;611;16
-143.90160257995268;612;29
-144.7643333589748;613;26
-139.99646434416653;614;40
27.40009758627731;615;120
-143.2827959294563;616;31
24.567075975028203;617;120
19.313366797905903;618;120
21.98603815790852;619;120
19.38474655750053;620;120
29.882807966275358;621;120
30.452582721134224;622;120
-110.90852723528508;623;117
-139.86286928189708;624;34
-136.8350728767856;625;64
-145.4199867200459;626;16
-145.73730603983503;627;18
-144.9821443381802;628;19
-145.6716804845088;629;17
-146.5533073940872;630;17
-143.79391886827838;631;23
-146.76073453404112;632;14
-144.87204612140948;633;20
-146.3699245421552;634;14
-142.55513430072602;635;37
-131.91870278524334;636;92
20.14948165376073;637;120
25.51918476222584;638;120
-147.36862631776827;639;12
-148.95612140398146;640;4
-147.7038886850866;641;8
-147.91279212519007;642;7
-148.44699898838587;643;6
-148.28454912907853;644;7
-149.02369702115337;645;4
23.59119892874068;646;120
-146.61029051933912;647;12
-147.2173232926526;648;13
18.810868706594643;649;120
-135.86807244061808;650;71
22.05429501709635;651;120
-141.93631800056752;652;38
25.78513978857234;653;120
-139.52191403925667;654;39
36.10874972221546;655;120
-116.18206585735305;656;101
-149.08505914947347;657;4
-144.69253046680785;658;23
-147.07441003188575;659;15
-144.84510782167305;660;16
-146.65463772902868;661;15
-147.79337459677694;662;7
-147.34404028839657;663;13
-148.95363101907037;664;4
-147.87370296954631;665;12
-147.75750555141505;666;7
-147.60839890703352;667;12
-148.9165895113298;668;4
-147.76352669755818;669;7
-148.27365497607474;670;6
-147.25812613499295;671;9
-146.88115509908005;672;15
-147.46792407604394;673;9
-144.9276870426824;674;17
-148.8980816533598;675;4
-146.91192948582;676;14
-145.57132376555327;677;19
-140.77530033507566;678;45
-143.5630716038261;679;21
-140.58759479636004;680;39
-134.00687516087152;681;64
-146.86960031114597;682;14
-146.994955973591;683;12
-146.4933125558374;684;14
-147.03038717059724;685;13
-141.805560773731;686;40
-144.25429649335572;687;30
-146.10187749357965;688;19
26.477664707753156;689;120
29.105133589694116;690;120
-145.3927071142145;691;19
-146.87458441640447;692;16
19.398390827284864;693;120
34.73325754631951;694;120
25.186694689391175;695;120
44.438791180267266;696;120
30.027157822429796;697;120
-145.41994700995218;698;21
23.887301280114954;699;120
-132.53220420948034;700;57
25.097305129474414;701;120
-106.75630666942072;702;114
25.95106852442861;703;120
24.417377478597643;704;120
25.654561588085315;705;120
23.98642297536024;706;120
39.747571389575036;707;120
-148.02632880096039;708;11
-111.4490834504546;709;97
27.7739356641174;710;120
-111.99691915457785;711;112
-140.5033997392026;712;24
-135.78956881884258;713;47
-98.47703728165888;714;89
-175.89070885540133;715;54
-98.33152956409856;716;110
-132.39353572122812;717;52
-126.20874618507484;718;63
34.424583499812286;719;120
39.10666022536767;720;120
36.645235481304034;721;120
-146.61117776419906;722;14
-117.57956800508421;723;78
-145.5116978487819;724;18
47.36264493130114;725;120
-146.26979199101442;726;15
-162.84036951296258;727;65
131.20978044612875;728;120
-141.39531919713906;729;40
27.12086737513028;730;120
-145.8645192163406;731;17
46.711564787808776;732;120
35.32816526754211;733;120
27.824493135041514;734;120
-121.51590877504131;735;59
-145.87516909837703;736;17
-116.31972358135694;737;71
-143.81316081902455;738;16
-187.69345748175635;739;27
-183.04503863396002;740;43
-142.9588517590815;741;37
-119.16636237353589;742;61
-127.62027785435266;743;52
35.2525501547975;744;120
-114.85419249066585;745;65
-136.72819822930214;746;34
23.62383375599494;747;120
-121.18773254403726;748;61
59.66330887227921;749;120
-84.82705348011056;750;104
22.21435181293271;751;120
30.594708143903322;752;120
-134.69365647540462;753;114
-118.63427495964532;754;65
26.558699885013198;755;120
-107.11893195110531;756;100
-137.2035603006179;757;70
-116.52838601399347;758;74
24.33934119737905;759;120
-124.62922910528044;760;57
21.36108337879384;761;120
-133.57703253072734;762;47
-97.9679896965784;763;115
24.53676352866966;764;120
-146.7449221321819;765;10
-147.05746578463257;766;9
-147.68069309345077;767;7
-147.28327252754136;768;8
30.130771945350816;769;120
27.72860186044647;770;120
27.387414289791256;771;120
-145.23275733399979;772;20
-145.41522545703646;773;18
22.619092057458385;774;120
24.377488000669306;775;120
-146.52068619311262;776;15
-113.87800677569507;777;75
-125.02218744094097;778;60
-135.096776431108;779;48
-146.7666228201948;780;12
-115.64739576868482;781;87
-128.91792316831737;782;99
54.14099603634267;783;120
-127.17296522058416;784;54
48.93312677637616;785;120
-143.2219519214284;786;27
-130.06269933537783;787;107
24.326605977960952;788;120
24.285053140480723;789;120
-136.8786365308808;790;74
-166.1855309674784;791;94
-145.3039140291491;792;18
-121.04981376058876;793;61
-140.80655807484305;794;49
-110.89565500477374;795;81
-145.3424790585611;796;20
-146.1298840223748;797;16
-124.25423844152989;798;67
53.186877746903164;799;120
26.59682443223597;800;120
61.236783344611425;801;120
-124.95820279185804;802;61
56.859980460051275;803;120
-108.21927439822616;804;98
54.13426095452491;805;120
54.62149163946444;806;120
-186.18922419753648;807;30
-185.38908888127852;808;34
-147.55023044030727;809;12
-180.69656546730874;810;44
-132.26643757137774;811;81
-190.29489861122212;812;25
-116.32715859134669;813;78
-113.41938740865672;814;66
-144.85752235379164;815;19
-144.10383221076285;816;21
-137.37707107259752;817;30
-121.38690517692916;818;52
-145.40777731657664;819;17
-180.26033996878365;820;45
-165.37293393619763;821;66
-170.13207160787482;822;49
-111.4500566512651;823;72
27.858981249591388;824;120
-97.06384781305488;825;98
-129.60547409874349;826;81
-145.2752800071748;827;19
-130.31969857281425;828;87
-144.40140031027457;829;19
26.054679930313018;830;120
58.06508272594048;831;120
-145.2179744406824;832;19
-168.68058400249043;833;67
-191.8060346554494;834;23
27.0358258081879;835;120
28.09840247350057;836;120
76.48079520342422;837;120
-137.0161053262941;838;54
60.51664110716087;839;120
-167.66089753476925;840;71
59.892199812351954;841;120
-138.09795390450984;842;30
57.529025836301045;843;120
-144.08025305663503;844;20
-145.02345555868519;845;19
-177.97596107144665;846;37
-191.71048289895901;847;22
-120.29464996391776;848;54
22.108623174822146;849;120
-140.46337801523694;850;40
50.433374921804436;851;120
-189.6906664723403;852;26
-127.37122706479843;853;102
-171.55848851786226;854;49
-110.39367929310963;855;68
27.696536700037676;856;120
-192.61596102793618;857;21
-189.56000500073037;858;23
-185.61992946073337;859;28
25.8497744070826;860;120
-116.2560225559652;861;66
-146.08728739259067;862;14
-144.74891171117645;863;20
-146.1229439357181;864;15
-105.3450971750473;865;82
-142.02987672689244;866;38
-145.4102759479206;867;19
-191.30821593617878;868;23
24.03763030382997;869;120
53.38329400625615;870;120
32.14449185477976;871;120
-144.68460029872833;872;19
22.698814521185312;873;120
-177.2684741977607;874;50
-146.90281080162725;875;11
67.71907101737634;876;120
-192.84802078080565;877;21
26.269086541976087;878;120
-132.8680530913727;879;37
-193.8945435714843;880;19
27.664565411870633;881;120
27.633014379914744;882;120
-131.94635247841515;883;85
-102.80664595025824;884;99
373.47033978398326;885;120
23.019250634610476;886;120
-185.61183190591206;887;33
23.62208586910247;888;120
24.364151815614964;889;120
-137.91466892068985;890;64
23.1937067203496;891;120
22.73414535836361;892;120
-192.73764461796168;893;20
-183.53382559669805;894;33
-188.63748579458007;895;23
-189.82362402144565;896;23
26.319376586322907;897;120
-182.81164848955046;898;35
29.324191852358116;899;120
-147.41221206540826;900;83
29.09127921569189;901;120
-125.53575885292264;902;103
26.500318759259844;903;120
-188.300525293288;904;29
-191.50391764918757;905;23
-191.8217361484637;906;22
-133.50834109758904;907;59
-144.1744350063967;908;20
-142.65527710791474;909;39
-189.52434424134813;910;27
60.56253207896864;911;120
-190.72519790522634;912;24
23.898342993042675;913;120
55.92428298453896;914;120
-189.36590711350746;915;25
516.4322947076984;916;120
27.7950899845359;917;120
47.770945553749705;918;120
-145.46860863052535;919;17
49.42032472689844;920;120
26.714774456228692;921;120
-156.79360381228628;922;81
-143.57465477195177;923;111
23.041711412265695;924;120
-186.8619213966069;925;26
-80.71246071719513;926;120
-158.0222700431864;927;79
26.31827772155727;928;120
32.01843600457095;929;120
-144.95218676618632;930;20
-157.21619387423223;931;88
-190.8254213176633;932;24
-179.6066035854473;933;43
69.92432739920233;934;120
59.17647597378432;935;120
-134.8429255606428;936;35
31.728572260023704;937;120
-128.0738991113456;938;61
61.76125585647973;939;120
-180.02351343723726;940;44
24.287343727135834;941;120
55.588636324070244;942;120
45.44336006761555;943;120
-146.22612189931854;944;12
57.11428199938065;945;120
26.92895874174021;946;120
55.77182152138315;947;120
57.46624608345676;948;120
61.65132310749282;949;120
56.028321707886406;950;120
24.53648513582839;951;120
54.34316636128801;952;120
58.47202949718984;953;120
58.21392205483141;954;120
59.16310755047124;955;120
-144.36632676901044;956;20
30.847922983738986;957;120
-164.08542063512698;958;77
-177.38292208779444;959;46
-142.5007295146824;960;51
-147.55546412067744;961;11
-147.66255798048184;962;10
-144.51689687329636;963;24
-146.97098604629974;964;12
-146.9671705577774;965;12
52.39907023950701;966;120
54.631091244234845;967;120
-118.91660418421743;968;61
-145.94585380784613;969;13
-113.3002137135272;970;79
29.045765827542205;971;120
-146.4867027650486;972;16
-129.1544385355413;973;47
30.891180525723925;974;120
-132.0526043586582;975;80
53.566315910323354;976;120
50.305291822468114;977;120
-141.74059391360342;978;36
-134.1661645421938;979;38
-126.12093477750568;980;54
22.30936537729248;981;120
47.202008888562645;982;120
-134.5457548277176;983;39
-146.4696845304548;984;12
-145.302602997286;985;14
-145.6550093165536;986;14
-146.01914692975316;987;13
56.096014977608185;988;120
55.73415267314818;989;120
58.49245560237329;990;120
-144.63578597850812;991;24
47.02650130454692;992;120
25.838593095176552;993;120
-136.4099619558107;994;61
54.251476142403334;995;120
46.73088050948423;996;120
38.13413830974584;997;120
-140.74717363863658;998;44
-126.0592243894389;999;91
47.836318519652316;1000;120
-123.86527832409534;1001;91
-148.20026531453345;1002;11
-134.98897741955156;1003;66
19.924698677232417;1004;120
-125.21283414376704;1005;107
56.64279776434334;1006;120
-124.71994463481636;1007;106
-171.49481573159073;1008;71
-141.18943494457199;1009;24
-127.745049811433;1010;119
-142.62448155217126;1011;27
35.30655769252421;1012;120
45.5963014040495;1013;120
54.74472431383043;1014;120
-141.42411500748332;1015;31
54.30955387801925;1016;120
55.22011663001747;1017;120
32.13311805377438;1018;120
-135.65996620367858;1019;51
-143.16805910703155;1020;23
48.930865477999824;1021;120
51.609626753454684;1022;120
-169.95091365671263;1023;86
46.95609461847836;1024;120
40.92174996311483;1025;120
-102.36744162086327;1026;120
-145.4420190500824;1027;15
22.401431262337947;1028;120
21.880363339233444;1029;120
-132.60593726106273;1030;62
29.003387516240558;1031;120
20.551471775155697;1032;120
42.36850929601801;1033;120
-145.1849074449022;1034;20
-132.32012182886749;1035;69
-145.15494034776032;1036;23
-145.59914808481503;1037;14
-145.96419789630096;1038;13
21.923375751365263;1039;120
22.99312716327378;1040;120
-135.26820891454867;1041;46
-144.79926483415662;1042;17
-142.0308913480814;1043;24
-137.19646279710784;1044;71
-145.58393117987964;1045;15
22.93586609754784;1046;120
-195.65150234834866;1047;17
-195.8248633073957;1048;17
-144.1254070510759;1049;19
-163.23990784399115;1050;99
-135.51544969212546;1051;80
-144.5593355561696;1052;18
-142.07155162903808;1053;37
-168.2845941745898;1054;76
-144.5115386005578;1055;21
-141.0736333501952;1056;35
44.201937966972366;1057;120
-145.73491167471644;1058;16
36.69998515901534;1059;120
36.075729125494526;1060;120
-167.81838937549048;1061;73
-144.1957918136455;1062;19
-132.7923634958183;1063;83
-143.98237249189515;1064;23
-139.96814634598564;1065;55
-144.97951494877475;1066;18
-143.9849536901558;1067;27
47.31057818186151;1068;120
21.756028306323156;1069;120
-136.1600606171899;1070;61
27.561963530485773;1071;120
-130.35427154754072;1072;71
-192.24642972963895;1073;28
-144.74230678998336;1074;20
-133.87548195667452;1075;88
38.42840419638231;1076;120
-146.54060558794654;1077;12
-143.0255642823165;1078;33
23.675537183966107;1079;120
26.356429803498813;1080;120
-121.17710324307883;1081;114
-137.3628131353497;1082;50
48.28918171518405;1083;120
27.066761397077872;1084;120
-192.03741902249357;1085;36
21.912884689253588;1086;120
28.421938184041718;1087;120
-143.6569130973263;1088;20
28.285546819121;1089;120
-136.7091368748328;1090;47
-133.47642276083448;1091;67
-141.1338040519899;1092;34
-188.72317452761902;1093;48
-143.5162899545975;1094;20
-136.9711776370517;1095;48
-186.07887310415074;1096;52
35.13938528344646;1097;120
-143.2134680045368;1098;23
26.251982157776695;1099;120
-141.60742216591066;1100;39
-146.01879781946994;1101;13
21.13589796166623;1102;120
18.777572710837312;1103;120
21.51387746496389;1104;120
-146.01394453334262;1105;13
-139.39864804890277;1106;38
19.156346693991956;1107;120
-140.2860921554903;1108;45
-133.35687118969392;1109;57
25.64774908253473;1110;120
16.93421746380799;1111;120
-135.31417657799255;1112;53
-144.14962744435698;1113;19
-189.73179972028723;1114;38
-140.69162649161234;1115;55
-139.99271854137066;1116;36
25.347494815337008;1117;120
-138.04273588994135;1118;50
19.296781112949052;1119;120
20.137004277499486;1120;120
23.156620294168423;1121;120
43.62024793593243;1122;120
29.60581926789433;1123;120
-143.70385632671025;1124;25
21.629449546581718;1125;120
32.013829945246535;1126;120
-144.23861185201974;1127;28
23.67704370382058;1128;120
24.07337237971999;1129;120
23.112832053912232;1130;120
16.310282394306174;1131;120
22.466719764982017;1132;120
-143.62772858169095;1133;23
-144.6027761949023;1134;22
-139.873117580489;1135;38
-137.1391890974319;1136;55
-134.47194165761664;1137;59
-145.40737996501537;1138;18
28.506315792072378;1139;120
-136.89402969004246;1140;52
16.323204032091738;1141;120
-113.45938759990067;1142;120
25.84444660035294;1143;120
21.519081355053903;1144;120
22.105301335555446;1145;120
24.113521203825123;1146;120
-131.65435221869626;1147;87
-142.54163742777098;1148;31
40.3337315307672;1149;120
-137.46962431628623;1150;58
-133.73915733303681;1151;83
-143.88506037613536;1152;26
-141.30266280344586;1153;38
-144.86538463231983;1154;20
28.539189757408085;1155;120
-143.31839697436865;1156;43
-142.2215001332889;1157;26
28.532219929184883;1158;120
-142.98013688735526;1159;31
-143.45143341437418;1160;19
-143.08023423774594;1161;33
-145.11785372908852;1162;16
31.169114568574468;1163;120
-129.446151883263;1164;85
-136.62417526353897;1165;58
-138.76975410640108;1166;41
-144.51285061095717;1167;18
-140.93738046946436;1168;33
-134.57542313314138;1169;80
20.688428144755726;1170;120
-144.73090197632467;1171;28
28.07228761061655;1172;120
18.4959948491702;1173;120
26.54190362666773;1174;120
26.947427682016848;1175;120
28.79085577172174;1176;120
-145.21084355893447;1177;17
-144.9829646752729;1178;17
-144.73041247128359;1179;17
31.963835304403435;1180;120
28.87712490267482;1181;120
-137.9744908394282;1182;39
-145.35487601252436;1183;16
-140.14273191293503;1184;37
-137.4827389013066;1185;47
-141.40732863152382;1186;33
-114.94123433283542;1187;105
-141.82760754678168;1188;27
-124.42798569252545;1189;81
26.94658995253064;1190;120
-144.8137757509048;1191;17
-177.60744005992757;1192;72
58.8081361131638;1193;120
-137.4130354832981;1194;46
-140.47340564629337;1195;42
-142.97991497958958;1196;22
-141.054187247544;1197;34
-134.00740987038276;1198;58
26.52754719425193;1199;120
-138.5285895817011;1200;49
-140.98519015592623;1201;36
-135.91990365305114;1202;49
-139.74430639432327;1203;53
-183.2334260085887;1204;58
23.38624785331302;1205;120
44.494100588174355;1206;120
29.21746944720325;1207;120
-143.02269340108995;1208;28
29.11643866207973;1209;120
25.27453599570252;1210;120
31.00736038030387;1211;120
-131.30358285249463;1212;68
-183.35495187445025;1213;54
40.27883369750869;1214;120
-173.32740863772884;1215;101
25.2617279909112;1216;120
-140.62740712139583;1217;38
-145.45708128664427;1218;15
-144.92113538796872;1219;17
-123.82546846719909;1220;98
-128.778182868113;1221;81
34.35237987840179;1222;120
-145.17333008824687;1223;16
37.736842240056475;1224;120
37.19289068068649;1225;120
-140.06781055450912;1226;39
35.07221845251474;1227;120
-128.02489094966785;1228;109
45.443443950382594;1229;120
-141.84765633444115;1230;31
-142.28127436946286;1231;31
-137.39627234185267;1232;48
-140.3291002073559;1233;33
-131.38805332186664;1234;70
21.436337434465003;1235;120
36.67958827384216;1236;120
35.836677667046246;1237;120
-138.7706216400037;1238;43
-191.49926399547448;1239;26
36.70372132953194;1240;120
-144.60082681260826;1241;17
-144.7194592473102;1242;17
-178.63791803257715;1243;58
-191.7014767340459;1244;22
-195.5494207435215;1245;15
-172.79762562566154;1246;76
46.13225725654514;1247;120
-119.36162611050207;1248;102
38.88175536986695;1249;120
-124.20466141079801;1250;87
-139.23134893334554;1251;42
-144.29214177107656;1252;18
42.338564982987386;1253;120
-188.7085522617392;1254;28
-144.96820808337708;1255;16
45.819804759796135;1256;120
-123.09490426378872;1257;109
29.47699101307477;1258;120
39.8501320521557;1259;120
30.23263160821041;1260;120
-131.11847559087238;1261;78
-129.24783520740183;1262;75
-164.35135430520893;1263;99
-140.6914043379303;1264;34
-141.93918514047138;1265;32
-193.1745267735155;1266;22
-166.11432793777385;1267;89
-144.37049573772092;1268;25
-138.36284518409488;1269;42
-138.67631107978326;1270;47
-134.42589419734438;1271;65
-173.76199726666843;1272;70
-162.95021697748064;1273;110
-136.5177098696242;1274;64
42.39370679879843;1275;120
43.08232348432203;1276;120
37.708959341741824;1277;120
18.929099207367415;1278;120
-124.67441748559429;1279;105
13.3328802751265;1280;120
-125.05858621942407;1281;78
-147.05297023738297;1282;17
43.04520553286054;1283;120
47.6275839000092;1284;120
-144.17209451845963;1285;18
37.8376566249592;1286;120
14.124482019476803;1287;120
-144.5433394305293;1288;30
-134.2741155107528;1289;55
-134.1631792558272;1290;59
-125.94941127584647;1291;79
-118.14408116003473;1292;103
28.009156516629265;1293;120
-144.84936032104662;1294;16
-144.71799656996063;1295;17
-144.5066608246643;1296;17
-142.7563621519872;1297;59
-143.16396873794127;1298;21
-144.49651134235557;1299;18
-141.03592646752108;1300;56
-143.73406317191342;1301;21
-144.097046525776;1302;18
21.440073332106557;1303;120
20.90165196229638;1304;120
27.766517518420923;1305;120
-129.97263532986463;1306;58
-140.39879847234704;1307;35
-145.4675663547798;1308;21
-142.33402086737195;1309;28
-143.9282061406118;1310;19
-147.97021218780267;1311;7
-140.2797546506559;1312;35
-145.5807961957423;1313;15
-146.6619587079779;1314;10
-147.1510193601392;1315;9
-144.20148997259327;1316;18
-143.14888564505054;1317;20
-140.1031473983776;1318;27
-145.26046262628358;1319;20
-147.3457063610675;1320;8
-145.27157826912477;1321;16
20.3483978316639;1322;120
-135.29036884444687;1323;58
-136.5337316654411;1324;58
-144.19146412760827;1325;18
-134.55490535353638;1326;120
-144.6367636267205;1327;16
-144.68452931737227;1328;25
-140.7639495804763;1329;23
-141.28959943126839;1330;21
-143.89661677447663;1331;29
12.269748595501234;1332;120
-129.2371407723428;1333;67
21.898571633938037;1334;120
-139.94725848667076;1335;32
-131.53258791828395;1336;71
-144.96049824163228;1337;15
-193.29549210763392;1338;19
-142.62577222666258;1339;18
-148.82549759873066;1340;4
-148.83128682309908;1341;4
-148.82129602212103;1342;4
-148.89658388221278;1343;4
-147.97425567693816;1344;9
-192.03908762574585;1345;25
-141.17682406439823;1346;23
-147.62795555782026;1347;7
10.036560291750549;1348;120
-129.45452401718796;1349;74
-135.98470046704256;1350;47
-147.12822969008099;1351;10
-148.2512405241339;1352;6
-137.1331437969823;1353;67
-135.77540310001592;1354;52
-144.92951021261172;1355;17
-144.92358419727094;1356;16
-143.55334914004357;1357;20
-137.4444731279307;1358;46
-147.35479711597597;1359;8
-144.40100425482393;1360;16
-146.55598455426045;1361;11
-142.75317327969339;1362;24
-146.3383740627331;1363;17
-148.10873001355174;1364;6
-194.27333345629677;1365;18
-148.14009289507115;1366;6
-147.18554677892413;1367;15
-141.82446555217805;1368;21
-132.83771620791808;1369;44
56.378645267872706;1370;120
-136.05337296591685;1371;71
-140.94279075747727;1372;20
-138.5642775279683;1373;30
-144.95648408790356;1374;16
-148.91137563718365;1375;4
-144.2202304085239;1376;18
36.412588335382345;1377;120
-147.21118990204042;1378;9
-128.13279402183025;1379;103
-139.8176912670201;1380;24
-144.60784286672842;1381;17
-148.05926669757628;1382;7
-145.33625703576485;1383;15
-125.24018975935614;1384;73
-148.7418635812847;1385;5
-116.54688787646006;1386;117
28.85905706476737;1387;120
34.830286510048346;1388;120
-141.45282354073018;1389;25
24.035507730781546;1390;120
37.33411525307722;1391;120
-140.23589798132684;1392;29
33.36981369319423;1393;120
-140.24260230421058;1394;25
-141.81654652642257;1395;39
-144.27850019304734;1396;18
29.776466068760865;1397;120
26.844757946571303;1398;120
-123.99715721077753;1399;75
-135.90820690495553;1400;74
-127.09175773859471;1401;97
-142.97346003031421;1402;24
31.649507286432684;1403;120
-144.20260421944306;1404;18
-145.48875658733132;1405;15
-133.75153552953387;1406;65
-115.57147819228098;1407;87
-139.692503276152;1408;50
-191.30253463095667;1409;24
-126.9719875780425;1410;118
15.460211317728179;1411;120
-124.90061763061439;1412;87
-143.01617812903248;1413;22
-144.0766290923763;1414;39
-138.80557331985304;1415;46
-144.59205661318632;1416;19
-141.96165698061537;1417;27
-138.85711881949746;1418;41
-143.2608328354324;1419;27
-139.87133408700896;1420;53
-137.94542285349723;1421;45
-143.29071338390756;1422;21
-143.49498631389682;1423;20
-145.81829232922271;1424;25
-141.17233814506363;1425;31
-147.19923062159617;1426;17
-145.14829300231898;1427;17
31.11869731183831;1428;120
-126.74138822859615;1429;81
39.747512594361545;1430;120
-147.61045171913165;1431;13
-146.16542043116212;1432;22
-140.9142555115922;1433;28
12.910433436220703;1434;120
49.31419685182439;1435;120
-145.29535428952192;1436;28
-145.45869359862627;1437;19
-47.929087474102914;1438;107
-143.9499880624121;1439;19
-137.64454140910638;1440;35
-144.97347484922471;1441;15
-127.58371060489725;1442;76
-143.9490783249944;1443;18
-145.79836039941594;1444;27
65.89888819080703;1445;120
-104.2960596563882;1446;112
-142.33347979857854;1447;22
-142.40769995162188;1448;40
26.76023272194301;1449;120
25.15639636112317;1450;120
-147.23489714677896;1451;14
-142.48387270771113;1452;29
-133.51000638228714;1453;61
-132.45684808134334;1454;50
39.68627839492392;1455;120
-118.23896371535615;1456;84
-187.66067154020783;1457;69
-144.04532187363836;1458;20
-142.52256594677425;1459;27
-137.18876105971728;1460;77
38.33467363506942;1461;120
37.73346063272524;1462;120
-113.35865191686284;1463;117
32.687944928004555;1464;120
-134.1660361061113;1465;52
34.55357776920899;1466;120
-144.10587838697617;1467;32
-145.44630749386204;1468;14
-138.6539182565385;1469;48
-118.31619058427475;1470;104
-156.14406782146523;1471;95
-138.91658816678242;1472;47
-183.56421403010256;1473;76
41.940887299421505;1474;120
-140.63290668736693;1475;28
-171.58158919431165;1476;98
-179.36295264938613;1477;49
-112.89130074228355;1478;114
-133.9634879108109;1479;92
-144.10390243548488;1480;20
-145.86383474643128;1481;20
-140.8112121219677;1482;68
-147.39588692892312;1483;12
-146.48559490503843;1484;16
-144.24261134848805;1485;18
-144.24257132412689;1486;18
-143.76134578040646;1487;22
-144.51448081491327;1488;24
-138.08605228142065;1489;72
-130.85723540801675;1490;115
-186.72140951363906;1491;40
-140.15623322063215;1492;29
53.11925687195745;1493;120
-145.37967290298715;1494;18
-143.3419285916022;1495;20
55.87230967306576;1496;120
-114.61177422928843;1497;119
-139.92725313472675;1498;35
-176.68105943963698;1499;49
-129.04932087105533;1500;57
-184.45327834746627;1501;40
-135.11880795279058;1502;38
-145.61812010210545;1503;14
-145.38417851643138;1504;88
-177.54663533682526;1505;66
-153.49087846867866;1506;118
-166.1668714862074;1507;65
31.481904446692017;1508;120
-137.29825758728342;1509;49
49.67962548097611;1510;120
-143.43605479811856;1511;36
-146.02078791193082;1512;14
