# {"t_start": 1567929268.6531463, "env_id": "PickbotReachOrientDoorHandle-v5"} 
r,l,t
0,15,7.481746
0,32,17.478827
0,2,21.071819
0,32,30.407941
0,5,34.402923
0,16,41.064109
1,2,45.009781
0,8,47.208708
0,45,58.560144
0,22,64.068577
0,16,70.479549
1,43,82.516091
0,4,86.324006
0,5,94.01979
0,42,103.882578
1,2,107.741811
1,2,111.63049
0,7,116.319663
0,7,119.721467
1,2,123.316042
0,22,130.733555
1,2,134.301709
0,45,144.759487
0,16,150.982417
0,25,157.511376
0,54,170.973503
0,37,179.244206
0,48,191.637488
0,32,200.940826
0,23,208.618583
0,37,218.897759
1,2,222.697802
1,28,231.658277
1,28,240.731091
0,13,244.501959
0,46,256.723005
0,18,262.30774
0,32,272.119531
0,5,274.077714
0,19,281.841765
0,38,291.020176
0,25,299.127015
1,2,303.52587
0,2,307.447669
1,1,309.970865
1,28,318.936097
0,39,328.746052
1,2,332.544149
1,2,336.548643
0,16,342.89254
1,2,346.410006
0,51,360.018756
0,2,363.608445
0,18,368.077766
0,16,374.409055
0,29,383.014842
0,9,387.861186
0,36,398.010198
0,34,406.223625
0,14,412.022722
0,37,421.696939
0,23,427.23037
0,18,434.103545
0,46,446.1971
1,2,449.687161
0,29,458.391578
0,49,469.034325
0,37,477.932353
1,2,481.78067
0,15,488.009882
0,3,489.721725
0,12,496.585454
0,14,502.452573
0,25,508.350152
1,2,511.865891
0,48,524.437548
1,2,528.319574
0,44,539.899513
0,17,546.34621
0,15,552.45641
1,2,556.336439
0,19,563.288442
0,35,571.922093
1,2,575.484879
0,13,579.705677
0,31,589.951009
0,14,595.621495
0,21,602.731445
0,23,608.935289
0,33,618.409847
0,3,621.990484
0,36,632.114084
0,29,638.819208
0,38,647.808903
0,16,654.103201
0,3,655.918608
0,15,661.832284
0,16,667.934863
0,6,672.110044
0,27,678.438003
0,16,684.55323
0,48,695.08542
0,14,700.916623
0,29,709.51252
1,2,713.453724
1,28,720.788663
0,30,729.732589
1,2,733.49725
1,2,737.758972
0,28,747.011346
1,2,750.88692
0,44,762.56403
0,2,766.024468
1,2,769.869312
0,7,771.916225
0,6,776.109614
1,2,779.615163
0,16,786.83367
0,2,790.793267
0,23,798.972934
0,42,810.12893
0,32,820.693459
0,25,828.719939
0,18,835.414262
0,37,846.716856
0,16,853.422429
1,2,857.19162
1,2,861.257208
0,1,862.741947
0,15,868.607248
0,25,876.631
0,18,881.273483
1,2,885.153654
0,49,898.060096
0,31,907.087027
0,29,915.05794
0,16,921.260101
0,20,928.211822
0,12,931.63519
0,22,939.319624
0,43,949.485148
0,36,959.953635
1,2,963.819744
0,25,970.692588
1,2,974.251595
1,2,978.161518
0,53,991.703138
0,46,1003.967914
0,18,1010.496662
1,2,1014.645792
0,8,1020.720384
0,1,1021.620143
0,1,1022.414505
0,46,1034.553464
0,16,1041.582221
1,2,1046.262065
1,2,1049.898458
0,29,1060.079199
0,15,1065.272974
1,2,1069.204027
0,7,1074.866988
0,38,1086.090912
0,30,1092.911157
0,44,1104.422996
0,25,1112.032387
0,36,1122.779589
0,14,1129.326553
0,2,1130.721779
0,19,1137.628831
1,2,1141.58472
0,15,1147.277785
0,30,1156.46209
0,52,1170.004705
0,14,1175.761125
0,28,1184.178891
0,15,1188.130803
0,41,1197.787361
0,4,1201.606342
0,6,1204.059664
0,47,1216.41071
0,26,1223.362604
0,40,1234.282696
1,2,1237.896666
1,2,1241.759567
0,16,1248.148435
0,6,1250.373716
1,2,1254.037163
0,16,1262.134214
1,2,1266.070046
0,22,1271.546123
0,18,1278.197519
0,25,1287.996477
0,16,1294.194978
0,17,1300.717909
0,15,1306.852468
0,16,1313.359005
1,2,1316.916288
0,15,1321.601532
1,2,1325.565919
1,28,1334.560614
0,19,1339.775519
1,2,1343.583651
0,14,1349.72861
0,50,1372.456599
0,52,1385.962831
0,11,1389.306177
0,15,1395.224931
0,47,1407.538015
0,17,1413.464182
0,32,1420.914035
0,31,1430.567878
0,50,1444.120188
0,50,1457.092758
0,16,1465.343977
1,2,1469.366907
0,35,1479.771975
0,26,1487.066666
0,42,1497.720962
0,24,1506.89318
0,25,1515.024697
1,2,1519.027489
0,28,1526.728972
0,2,1530.291047
0,54,1543.737085
1,2,1547.717071
1,24,1555.472612
0,32,1563.761059
0,40,1573.755255
0,27,1583.855448
0,21,1593.519801
0,46,1606.63375
1,2,1610.448106
0,29,1619.386346
0,40,1630.573617
0,22,1636.115121
0,44,1647.806007
0,52,1662.836936
0,16,1669.046854
0,30,1677.195528
0,29,1684.006394
0,47,1696.118659
0,24,1702.917013
0,44,1714.670616
0,24,1722.609724
0,28,1731.284446
0,25,1737.433436
0,36,1748.531111
0,42,1761.108659
0,35,1769.922453
1,2,1773.477447
0,19,1780.102106
0,28,1786.83327
0,27,1794.764675
0,46,1808.451033
0,31,1819.147
0,19,1825.228136
0,5,1827.990067
0,31,1836.462053
0,31,1845.760353
1,1,1848.246961
0,32,1858.448591
0,31,1866.602365
0,32,1874.87665
0,26,1881.906306
0,6,1883.805896
1,2,1887.677116
0,7,1889.820454
0,31,1897.510317
0,27,1905.798997
0,24,1912.061834
0,55,1929.681177
0,9,1932.17436
1,2,1936.23134
0,28,1944.164032
0,3,1946.068223
0,36,1956.48501
1,2,1959.995238
0,40,1971.929525
0,46,1983.776999
0,50,1997.6516
0,1,1998.54259
1,2,2002.199474
0,20,2008.534899
0,16,2013.364748
0,41,2024.149236
0,21,2030.212456
0,16,2036.364868
0,26,2043.352502
0,46,2055.092822
0,43,2066.366791
0,27,2074.834702
0,23,2082.461478
0,50,2095.289626
1,2,2099.026535
0,16,2105.2699
0,46,2117.140419
0,48,2129.776258
0,28,2138.269097
0,15,2143.134332
0,35,2152.936299
0,40,2163.62183
0,20,2169.400575
0,16,2175.637017
1,2,2179.277112
0,40,2190.042184
1,2,2193.483758
1,2,2197.473967
0,18,2202.436164
0,20,2209.666787
0,16,2215.895322
0,16,2222.142681
0,34,2230.446809
0,16,2236.566373
0,16,2242.833007
1,2,2246.630787
0,7,2248.709081
0,35,2257.324805
0,16,2263.52848
0,11,2269.007009
0,25,2274.715644
0,16,2280.976494
1,2,2284.697906
0,34,2294.74683
0,52,2307.856168
0,14,2311.460949
0,35,2321.15731
0,20,2328.731888
0,12,2334.351614
0,32,2343.884741
0,31,2353.410565
0,16,2357.682324
0,8,2362.346827
0,24,2369.605997
0,11,2374.094049
0,31,2383.218665
1,2,2387.033453
0,17,2393.715302
0,17,2400.423604
0,44,2412.085385
0,24,2420.228972
0,42,2431.635992
0,26,2439.964459
1,2,2443.986842
0,32,2454.038865
0,24,2461.706445
0,3,2464.424308
0,51,2476.621177
0,16,2482.952055
0,28,2491.983243
0,28,2500.838077
0,32,2508.9862
0,38,2519.908647
1,2,2523.956781
1,1,2526.328568
0,29,2536.374722
0,35,2546.193905
0,21,2554.034902
0,35,2562.590132
0,46,2572.492065
0,16,2578.716852
0,21,2586.109688
0,29,2592.63078
1,1,2595.083478
0,28,2603.711403
0,42,2614.913734
0,14,2620.625766
1,2,2624.438454
0,46,2634.589707
1,2,2638.518537
1,28,2647.054957
0,24,2654.585984
0,2,2658.083653
0,45,2670.175757
0,25,2675.799239
0,38,2686.299596
0,43,2698.330493
0,46,2711.012762
1,2,2714.509373
0,47,2726.890625
0,16,2733.174064
0,32,2742.673481
1,2,2746.466859
0,2,2750.016614
0,41,2760.997475
0,28,2769.469934
1,2,2773.215972
1,2,2776.890055
0,54,2789.338732
0,41,2799.148589
0,34,2808.596692
0,22,2813.833431
1,2,2817.547166
0,30,2825.667537
1,2,2829.213901
0,47,2841.233799
0,26,2847.13945
0,32,2856.131117
0,2,2858.876552
0,37,2868.303187
0,18,2874.882801
0,13,2878.780089
0,6,2881.62134
0,51,2894.36684
0,8,2899.024907
1,2,2902.505842
0,26,2910.621691
0,46,2922.303801
1,2,2926.215804
0,1,2927.415356
0,4,2928.743233
1,2,2932.563338
0,23,2941.074155
0,14,2947.079195
0,17,2953.529906
0,17,2959.927758
0,16,2966.155085
0,51,2979.531756
0,51,2992.608762
0,17,2998.248756
0,2,2999.659107
0,19,3006.207172
0,19,3013.172066
1,2,3017.494719
0,37,3027.84709
1,2,3031.536991
0,6,3034.531426
0,18,3041.037474
1,2,3044.765333
0,15,3050.958193
1,2,3054.482532
1,2,3058.261912
0,23,3065.522588
1,2,3069.320797
1,1,3071.873213
0,2,3075.591672
0,14,3080.263095
1,2,3084.112887
0,34,3094.145065
0,16,3100.429013
0,10,3105.659127
0,47,3118.763499
1,2,3122.589443
0,28,3129.955046
0,48,3142.713305
0,25,3150.749254
0,2,3154.384425
0,35,3162.908724
1,2,3166.630058
0,31,3175.440264
1,2,3179.512067
0,51,3192.361908
0,18,3199.110858
0,8,3203.755578
0,22,3210.591655
0,29,3219.332626
0,34,3228.78091
1,2,3232.865761
0,44,3244.660256
0,34,3255.007101
0,23,3261.460603
0,16,3267.60303
1,2,3271.783394
0,28,3280.594584
0,3,3284.246037
0,49,3297.032965
1,2,3300.925615
0,10,3305.924278
0,15,3312.042817
0,34,3321.865237
1,2,3325.537867
0,29,3334.524225
0,10,3339.576829
0,16,3345.920842
0,42,3355.921598
0,34,3365.563951
0,9,3369.0807
0,6,3371.202374
0,16,3377.465516
0,29,3384.747828
0,47,3396.935685
0,3,3399.43688
0,34,3409.284293
0,26,3417.416219
0,19,3424.415996
0,16,3430.665568
0,33,3438.067771
0,41,3449.077496
0,26,3457.802841
0,16,3464.133155
0,46,3475.317079
0,35,3485.36522
0,25,3493.692581
1,2,3497.581953
0,16,3503.821228
0,46,3515.758282
0,18,3522.406967
0,42,3533.724109
0,16,3540.547829
0,9,3545.454235
0,43,3555.780773
0,49,3567.022627
1,2,3571.064496
1,2,3575.078232
0,24,3581.871278
0,41,3593.126864
0,16,3599.547046
0,13,3603.038169
1,2,3606.923731
0,30,3616.011197
0,28,3625.336508
0,49,3638.034667
0,16,3644.367314
0,19,3650.274143
0,42,3661.272551
0,36,3671.580151
1,2,3675.440843
1,2,3679.952174
0,29,3689.71959
0,41,3702.756726
0,35,3711.759306
0,39,3721.516818
0,35,3731.329676
0,19,3738.298213
0,22,3743.758746
0,17,3750.028701
1,2,3753.543998
1,2,3757.225769
1,2,3761.298967
0,51,3774.745621
0,15,3780.689785
0,28,3789.154772
0,11,3794.349656
1,1,3796.749202
1,28,3805.409877
0,47,3817.903134
0,16,3824.08043
0,25,3832.039189
0,38,3842.338881
0,41,3853.633092
0,19,3860.484511
1,1,3863.001016
1,28,3871.822859
0,48,3884.147926
1,2,3888.010663
0,6,3890.701753
0,4,3892.722327
0,28,3901.33083
0,50,3913.905492
0,27,3922.367822
0,16,3928.695507
0,40,3938.19498
0,24,3945.927397
0,22,3953.236929
0,16,3959.565266
0,31,3966.909367
0,23,3973.690679
0,38,3984.723841
1,2,3988.385027
0,26,3995.410352
0,27,4002.824196
0,25,4010.647882
0,25,4017.791647
0,33,4026.346069
1,2,4030.277581
1,28,4039.059998
0,19,4043.584881
0,1,4044.452664
0,1,4045.287568
0,47,4056.717123
0,29,4065.589226
0,40,4076.646633
1,2,4080.543682
0,28,4087.834846
0,42,4099.514115
0,14,4105.413084
0,28,4115.836629
0,14,4121.740375
0,14,4127.742228
1,2,4131.794163
0,38,4143.976971
0,8,4148.631317
0,20,4154.286551
0,43,4164.887791
0,15,4171.502682
0,16,4177.863339
0,8,4181.784901
0,45,4193.938622
0,53,4208.244006
0,34,4218.308455
0,22,4229.391
0,17,4233.634597
0,43,4244.495613
0,32,4253.734599
0,15,4259.90458
1,2,4264.047164
0,28,4271.989014
0,45,4284.711771
1,2,4288.466577
0,30,4297.429641
0,29,4304.394286
0,46,4316.494778
0,30,4324.703856
1,2,4328.739342
0,30,4337.961064
0,35,4345.69128
0,19,4352.365208
0,35,4360.146687
0,23,4367.681119
0,20,4372.91078
1,1,4375.38611
0,4,4376.811906
0,16,4383.136251
0,2,4387.163008
0,43,4403.932052
0,5,4408.083507
0,12,4412.515681
0,32,4420.987822
0,35,4429.97746
0,15,4434.704644
0,36,4445.351223
0,2,4448.878721
0,33,4457.901999
0,16,4464.201894
0,33,4472.372686
0,30,4481.604844
0,19,4488.399693
0,30,4498.694716
1,1,4502.105015
1,28,4510.688586
0,49,4523.25313
0,11,4531.857736
0,42,4542.207155
0,25,4550.172532
0,33,4559.61108
0,44,4569.258387
0,33,4579.4727
0,31,4587.695371
0,16,4593.944684
1,1,4596.432451
0,18,4600.959429
0,18,4607.831712
0,10,4612.822414
0,46,4624.482479
0,25,4632.705018
0,39,4643.894717
0,36,4654.174304
0,18,4658.455623
0,16,4664.670099
0,25,4672.660366
0,28,4681.298807
0,34,4691.261574
0,42,4702.76768
0,10,4708.401646
0,38,4718.212478
0,34,4728.598619
0,34,4739.434047
0,11,4745.042645
0,37,4755.476686
0,15,4761.433481
0,31,4770.398763
0,18,4776.971258
0,25,4786.625009
0,27,4795.036791
0,21,4803.229203
0,26,4811.403056
0,14,4818.117033
0,12,4823.558599
0,15,4829.530798
0,53,4843.016128
0,29,4851.762888
0,16,4858.08285
0,10,4863.091835
0,8,4867.767047
0,16,4873.967014
0,25,4880.677747
0,16,4886.936309
0,39,4898.288267
1,2,4902.13385
0,44,4912.561265
0,1,4913.402101
0,1,4914.142194
0,18,4920.706774
0,29,4927.216418
0,47,4939.121219
0,16,4945.23959
0,38,4955.416511
0,53,4968.645267
0,2,4972.399801
0,16,4978.535965
0,6,4982.712245
0,22,4990.592343
0,29,4997.399931
0,28,5003.09433
0,29,5011.56204
0,21,5016.424139
0,31,5025.154688
1,2,5028.946289
0,16,5035.475439
0,33,5044.898665
0,31,5051.365365
0,2,5054.864544
0,51,5066.192914
0,38,5075.456377
1,2,5079.320619
0,7,5081.258779
0,1,5082.119455
0,26,5090.050678
0,26,5098.124948
0,21,5105.213807
0,52,5117.924274
0,42,5129.2254
0,11,5134.415629
0,24,5141.994309
0,29,5148.478339
0,33,5156.374795
1,2,5160.235546
0,28,5167.95331
0,25,5173.738392
0,40,5184.429579
0,50,5196.737629
0,36,5204.33824
0,15,5208.878163
0,15,5214.756733
0,35,5224.39238
0,17,5230.818779
0,40,5241.499602
0,2,5245.066216
0,26,5252.936084
0,30,5261.826734
0,26,5269.936588
0,15,5273.802694
0,10,5278.699566
0,13,5282.943056
0,30,5291.011298
0,43,5302.317622
0,37,5312.758083
0,28,5318.943789
0,12,5322.319045
0,16,5328.45377
0,16,5334.541421
0,39,5344.925523
0,35,5353.672358
0,28,5362.457051
0,500,5620.38006
0,38,5629.55515
0,38,5640.002647
0,2,5644.188363
0,53,5657.06409
0,28,5665.491319
0,16,5671.568226
0,21,5677.596156
0,30,5686.258806
1,2,5690.220724
1,2,5694.22068
0,48,5706.343328
1,1,5708.843832
0,28,5717.36749
0,31,5724.582251
1,1,5726.843453
0,29,5735.462342
0,7,5739.147621
0,30,5747.797542
0,2,5751.320612
0,34,5760.154508
0,13,5765.61582
0,40,5776.813189
0,18,5782.106085
0,47,5792.534986
1,2,5796.361823
0,2,5800.02766
0,2,5803.516486
0,20,5810.206684
0,55,5822.728439
0,14,5828.525385
0,33,5838.22099
0,24,5845.113957
0,16,5849.105864
0,20,5855.798402
0,48,5867.217332
1,2,5871.193336
0,45,5881.584507
0,24,5889.268246
0,10,5894.188829
1,1,5896.538554
0,24,5902.03389
0,25,5910.132149
1,1,5912.552356
0,2,5916.119531
0,44,5926.547462
0,35,5935.982868
0,30,5944.909113
0,16,5951.09205
0,8,5955.609506
1,2,5959.39736
1,1,5961.954543
0,28,5969.080547
0,42,5979.976316
1,2,5983.46754
0,23,5991.016235
0,32,5999.946571
0,4,6001.760713
0,25,6008.936292
0,16,6015.048717
0,14,6018.766573
1,2,6022.449698
0,32,6031.770789
0,10,6036.761333
0,25,6044.593023
0,51,6057.149307
0,29,6063.706433
0,33,6074.587539
0,37,6084.624612
1,2,6088.175023
1,2,6091.962506
0,27,6100.152312
0,25,6107.847224
0,41,6118.856257
0,39,6129.17159
0,51,6141.906986
0,17,6148.230922
0,16,6154.261061
0,23,6159.581479
0,38,6169.654676
0,33,6178.787959
1,2,6182.681629
0,14,6188.406856
0,37,6198.246811
0,36,6206.004365
0,12,6211.376764
1,2,6214.877766
0,41,6225.449759
0,32,6232.999123
0,17,6238.014421
0,27,6246.075121
0,44,6257.348649
0,21,6264.441277
0,15,6269.341724
0,2,6272.799931
0,21,6279.675902
0,5,6281.259654
0,25,6287.981961
0,49,6301.706272
0,18,6308.104687
1,2,6311.918923
0,28,6320.208201
0,35,6329.9898
0,38,6340.764853
0,52,6353.492148
1,2,6357.44542
1,17,6364.135212
0,21,6369.0743
0,27,6375.792036
0,42,6386.99072
0,40,6397.742796
0,37,6407.604571
0,29,6415.914725
0,13,6421.228954
0,30,6429.790461
1,2,6433.531428
0,23,6441.149951
0,35,6450.896594
0,34,6460.455208
0,10,6464.177638
0,47,6475.639665
0,20,6480.430333
1,2,6483.814697
0,31,6492.758725
0,37,6502.751822
0,19,6508.892774
1,2,6512.724477
0,42,6523.748133
0,9,6526.446226
0,12,6531.746665
0,41,6541.364917
0,29,6549.976576
0,37,6560.051563
0,16,6566.134182
0,28,6574.800832
0,46,6586.432996
0,36,6596.300405
0,41,6605.122491
0,12,6610.758482
0,19,6617.774976
1,2,6621.469444
0,41,6632.611686
0,36,6642.839311
1,2,6646.818799
1,28,6655.620583
0,42,6666.74486
0,43,6677.132244
0,30,6686.296457
0,38,6694.538042
0,36,6704.49152
0,18,6711.300671
0,14,6717.035931
0,16,6723.914093
0,2,6727.486967
0,15,6733.650007
1,2,6737.436027
0,28,6746.085734
1,2,6749.634393
0,16,6755.856619
0,46,6768.042274
1,2,6771.904737
0,27,6779.440825
0,23,6788.386861
1,2,6792.341019
1,23,6799.873216
0,8,6804.626941
0,12,6808.042016
0,29,6816.707798
0,26,6824.843335
0,11,6830.137856
0,38,6839.439117
0,9,6847.996476
0,19,6854.763733
0,16,6861.141833
1,2,6864.949676
0,22,6869.92922
0,4,6871.804999
0,37,6879.976777
0,2,6883.542619
0,35,6893.684768
0,22,6901.170309
0,56,6914.978037
0,19,6919.684867
0,12,6925.05821
0,27,6933.406877
0,18,6941.286312
0,28,6947.461665
0,46,6959.501344
0,38,6970.072139
0,33,6979.653717
0,23,6986.253111
0,39,6995.494314
0,21,7003.422815
0,37,7013.590532
0,44,7025.321185
0,16,7031.419871
0,20,7038.391941
0,3,7043.73037
0,24,7052.304656
1,2,7055.9197
0,11,7059.835785
1,2,7063.617077
0,37,7073.988889
0,37,7085.135513
0,2,7088.794023
0,43,7100.265465
1,2,7103.956539
0,33,7112.064004
0,4,7114.64355
1,2,7118.566298
1,2,7122.138033
0,500,7388.065909
0,18,7392.413928
0,28,7401.112118
1,1,7403.520946
0,2,7404.549726
1,2,7408.351947
1,2,7412.509478
0,38,7423.100101
0,20,7429.537981
1,2,7433.54224
0,9,7435.966546
1,2,7439.451019
0,52,7452.717385
0,26,7461.024213
0,31,7470.320425
1,2,7473.886151
0,37,7484.482887
0,32,7491.685521
0,22,7498.920821
0,15,7504.86708
0,11,7510.78402
0,28,7519.502509
0,14,7523.101934
0,39,7533.730878
0,36,7543.963622
0,8,7547.496769
0,44,7558.973463
0,18,7563.813409
0,35,7573.594059
0,38,7583.672298
0,16,7589.89882
0,28,7598.39765
0,28,7604.907983
0,31,7613.492471
0,39,7624.362909
0,46,7636.927923
0,38,7647.502277
0,20,7654.863114
0,49,7666.160594
1,2,7670.155014
0,8,7672.359442
0,1,7673.145051
0,15,7679.249052
0,47,7692.421385
0,12,7697.932616
0,37,7708.151562
0,30,7716.950776
0,32,7726.077558
0,31,7734.286963
1,1,7736.764245
1,28,7745.018026
1,2,7748.827446
1,2,7752.792304
1,22,7760.483111
0,42,7770.638235
1,2,7774.568074
0,34,7784.610312
0,14,7790.432417
0,39,7801.130409
0,32,7810.394726
0,48,7823.09108
0,4,7825.039628
0,35,7834.906639
0,7,7837.328589
0,42,7847.71047
0,26,7854.748518
0,33,7862.374305
0,38,7872.669139
0,38,7883.161972
0,47,7895.426831
0,16,7901.662703
0,28,7909.950009
0,16,7916.157887
0,13,7919.929769
0,25,7925.836478
0,52,7939.169771
0,16,7945.466567
1,2,7948.940084
0,47,7961.114089
0,36,7968.998263
0,32,7978.404912
0,33,7987.28006
0,16,7993.489718
0,18,8001.190709
0,6,8003.349103
1,2,8007.462586
0,14,8013.360969
0,33,8021.695772
1,2,8025.495872
0,23,8030.95575
0,41,8041.811306
1,2,8045.340527
0,25,8051.441668
0,27,8057.933558
0,25,8066.150788
0,7,8068.245651
0,16,8074.302576
0,5,8077.722826
0,2,8081.167181
0,36,8092.515345
0,38,8102.63648
0,38,8113.701918
0,31,8123.984679
0,16,8130.444952
1,2,8134.224127
0,16,8141.316494
0,27,8147.763521
0,1,8149.722077
0,22,8155.075672
0,37,8162.981443
0,32,8172.465361
1,1,8174.928711
0,16,8181.181912
1,2,8185.355566
1,2,8189.501852
0,10,8192.133368
0,1,8192.8498
0,24,8198.635276
1,2,8202.10048
0,24,8207.855134
0,16,8214.295016
1,1,8216.717832
0,15,8220.658311
0,18,8227.250423
0,40,8238.085489
1,2,8241.669537
0,50,8254.822301
0,35,8263.49074
0,33,8273.021551
1,2,8276.570574
0,56,8290.448621
0,43,8301.851127
0,39,8312.735257
0,22,8318.20018
0,16,8324.476784
0,44,8336.089901
0,27,8344.506582
1,2,8348.26111
1,2,8352.170521
0,9,8355.797445
0,16,8361.97825
0,30,8370.742708
0,32,8380.206729
0,16,8386.489918
1,2,8390.412615
0,28,8399.156462
0,40,8409.886103
0,45,8420.906649
0,16,8427.240099
1,2,8431.037493
0,19,8437.876523
0,16,8444.138746
0,18,8450.661911
0,2,8454.429522
1,2,8458.374735
0,45,8469.552234
0,29,8478.22228
1,39,8488.291347
0,29,8498.012399
0,16,8502.312901
0,39,8512.935688
0,17,8519.305637
0,38,8529.688777
0,38,8540.211449
1,2,8544.30288
0,28,8553.208897
1,2,8557.083418
0,55,8572.236197
0,16,8577.105024
0,16,8583.332898
0,36,8593.501025
0,40,8604.58146
0,35,8614.629524
0,4,8617.314038
0,28,8623.546355
0,15,8628.320069
0,7,8632.056458
0,18,8636.605433
0,25,8642.292657
0,11,8647.706175
1,2,8651.489389
0,19,8657.54983
1,2,8661.114099
0,41,8672.174092
0,31,8681.593163
0,57,8695.566857
0,12,8701.12224
0,15,8705.800614
0,16,8711.842828
0,16,8718.10581
0,16,8724.384694
0,16,8730.355776
0,2,8733.649954
0,46,8745.22024
1,2,8749.232016
0,8,8751.377976
0,1,8752.097286
1,1,8754.304352
0,3,8755.527884
0,8,8760.083178
0,42,8771.057785
0,36,8778.50036
0,2,8779.961119
0,20,8786.5876
0,30,8795.249728
0,31,8804.878572
0,52,8816.983249
0,34,8824.333856
0,29,8832.744092
0,29,8839.27716
0,5,8841.145537
0,34,8850.440656
0,22,8857.716535
0,7,8862.111915
1,2,8865.587955
0,32,8874.53878
0,29,8884.395671
0,39,8894.532906
0,41,8905.37629
0,16,8911.466432
0,42,8922.208019
1,2,8926.059154
0,28,8934.52271
0,36,8944.408807
0,26,8950.190414
0,17,8954.323945
0,40,8965.052739
0,27,8971.246103
1,2,8975.035079
1,28,8982.50009
1,2,8986.314374
0,40,8996.655269
0,12,9000.373234
0,17,9006.880253
0,20,9014.385588
0,48,9026.26665
0,26,9036.334455
0,31,9045.101671
0,16,9051.103562
0,13,9055.848772
0,15,9061.692284
0,16,9067.064025
0,30,9075.222875
0,44,9086.655083
0,3,9088.918899
0,22,9095.964901
1,1,9098.408742
0,28,9106.742941
0,26,9114.729898
0,14,9118.502669
0,16,9124.587845
0,12,9128.646601
0,28,9136.915024
0,16,9142.917168
1,21,9150.030305
0,18,9156.421134
0,40,9164.635401
0,42,9173.624152
0,37,9181.535423
0,15,9186.555801
0,22,9194.754521
0,1,9195.592403
0,1,9196.364091
0,30,9202.800089
0,31,9211.978949
0,39,9222.416509
0,27,9228.450277
1,1,9230.945366
1,2,9234.916889
0,51,9247.877913
0,16,9253.980731
0,16,9260.023415
0,53,9273.177119
1,2,9276.978253
0,22,9284.317875
1,2,9288.086684
1,2,9292.132168
0,21,9299.029156
0,55,9312.323373
0,27,9320.554698
0,32,9327.783993
0,13,9332.159268
0,11,9338.113672
0,30,9345.250458
0,34,9354.714693
1,2,9358.425938
1,2,9362.478179
0,28,9370.742506
1,2,9374.500881
0,16,9380.888408
0,45,9392.314939
0,19,9399.027223
0,31,9405.765494
0,16,9411.733382
1,2,9415.466472
1,28,9423.025567
0,42,9434.117569
0,13,9438.275352
1,1,9440.668391
0,28,9449.175212
0,43,9460.432944
0,28,9468.689297
0,47,9479.655203
1,2,9483.463505
0,40,9493.805148
0,16,9497.977464
1,2,9501.998163
0,16,9508.078879
1,2,9511.906502
0,27,9519.378908
0,51,9530.442899
0,48,9542.545045
0,41,9552.18859
0,28,9560.706786
0,11,9564.63414
0,4,9567.053061
0,42,9578.247446
1,2,9581.767789
0,34,9591.15955
0,2,9592.535678
1,2,9596.14768
1,2,9599.78367
0,42,9610.679004
0,11,9617.910052
0,5,9621.481265
0,16,9628.732889
0,37,9638.598517
0,38,9647.820712
0,24,9654.615749
0,31,9663.593508
0,18,9668.113446
0,30,9676.719664
0,18,9680.994534
0,37,9691.029461
0,40,9700.444558
1,1,9703.020422
0,25,9710.870114
0,25,9718.591168
0,39,9729.09577
0,17,9735.598313
0,15,9741.501148
1,2,9745.442004
0,33,9754.623428
1,1,9757.006798
0,32,9765.002787
0,20,9769.700523
0,16,9775.837562
0,38,9785.760005
0,23,9793.152992
0,22,9800.304508
1,2,9804.362841
0,36,9814.077403
0,42,9824.889058
0,26,9832.328871
0,32,9841.316279
0,13,9846.84316
0,39,9857.250003
1,2,9860.999021
1,2,9864.979495
0,43,9874.911023
1,2,9878.943616
0,16,9885.078105
0,19,9891.650813
0,41,9902.704905
0,26,9910.731851
0,52,9923.537903
0,16,9929.720996
0,28,9938.023304
1,2,9941.783592
0,34,9951.666975
0,13,9955.257704
0,16,9961.453386
0,42,9970.915783
0,39,9978.990028
0,34,9988.345344
0,16,9994.59786
0,16,10000.714694
0,16,10006.779371
0,7,10010.075917
0,20,10014.79596
0,16,10021.822146
0,16,10027.997363
0,40,10038.66081
0,15,10043.781247
0,14,10047.468352
0,16,10053.611611
1,2,10057.669413
0,7,10059.710336
0,44,10070.610721
0,39,10081.031577
0,30,10089.842002
0,22,10096.044578
1,2,10100.087875
0,28,10108.792824
0,32,10118.061582
0,53,10131.156915
0,1,10138.065865
1,2,10142.000877
0,28,10149.456075
0,11,10152.158154
0,16,10158.200555
0,20,10165.133324
0,44,10175.435352
0,40,10184.771199
0,35,10194.453555
0,29,10203.068231
0,43,10214.22713
0,12,10219.542818
1,2,10223.334777
0,29,10233.059351
0,44,10244.466811
0,37,10255.014239
0,30,10263.697796
0,35,10273.373049
0,13,10276.759084
1,2,10280.402911
1,2,10284.079876
0,32,10293.271529
0,24,10300.885483
0,27,10306.950079
0,36,10314.824182
1,2,10318.266702
0,14,10324.318555
0,31,10333.243921
1,2,10336.777508
1,2,10340.572632
1,28,10347.98828
0,53,10361.437303
1,2,10365.258165
0,24,10372.760999
0,44,10383.826879
0,42,10394.819554
1,2,10398.536238
0,29,10407.112054
0,8,10411.723688
0,30,10418.061193
0,7,10420.499545
0,49,10432.875762
0,9,10437.703612
1,2,10441.354663
0,34,10452.74326
0,23,10458.055009
0,3,10461.685096
1,2,10465.390128
0,35,10474.265054
0,35,10483.959741
0,31,10491.616247
0,2,10495.086954
0,2,10498.497914
1,2,10502.373655
1,2,10505.85799
1,1,10508.261656
0,28,10516.535111
0,13,10521.278387
0,17,10527.548321
1,1,10529.89014
0,39,10540.203452
0,2,10543.824103
0,16,10549.890578
0,8,10554.433387
0,22,10561.445052
0,10,10565.049186
0,29,10571.367551
0,23,10576.264345
0,15,10580.81147
0,12,10586.077441
0,34,10595.843431
0,9,10598.243537
0,4,10601.99142
0,38,10610.797307
0,28,10619.288242
0,50,10631.655775
0,12,10636.989178
1,1,10639.397006
0,28,10648.126504
0,38,10658.286702
0,16,10664.493548
0,35,10674.018667
0,24,10679.467105
0,18,10685.889949
0,41,10696.560799
1,2,10700.261476
1,2,10703.880925
0,14,10707.546831
0,21,10714.581543
0,13,10718.383852
0,40,10728.960088
0,28,10739.546771
0,17,10745.669981
0,34,10755.237937
0,29,10763.680055
0,29,10772.316059
1,2,10775.989778
0,2,10779.592732
0,37,10789.334836
0,36,10799.170916
0,50,10810.657524
0,15,10816.512143
0,20,10823.485615
0,39,10831.717192
0,26,10839.6285
0,22,10845.682405
0,26,10852.255564
0,4,10854.977219
0,24,10860.978663
0,46,10872.56015
0,15,10879.143792
1,2,10883.369284
0,2,10886.934914
0,16,10893.151907
0,11,10898.204565
0,16,10904.359664
0,45,10915.583746
0,39,10925.870459
0,24,10930.964966
1,1,10933.496633
0,30,10942.473534
0,43,10953.751045
0,33,10963.152514
0,45,10974.576891
0,24,10982.066941
0,8,10984.889424
0,52,10997.609918
0,25,11004.117531
0,24,11011.637207
1,2,11015.245305
0,28,11023.013555
0,27,11031.072431
0,44,11042.46311
0,49,11054.794586
1,2,11058.611648
0,2,11065.705207
0,23,11073.230762
1,2,11076.732191
0,25,11084.34275
0,42,11095.382805
0,35,11105.003493
0,16,11111.171491
1,2,11115.089589
0,16,11121.169937
0,16,11127.208865
0,12,11131.295796
0,1,11132.091029
0,1,11132.799765
0,11,11137.88887
0,25,11145.825714
0,26,11151.997379
0,14,11157.643353
0,36,11166.755158
0,7,11169.119298
0,25,11176.8616
0,21,11182.531546
0,15,11188.279703
0,27,11195.210195
0,16,11201.310569
0,54,11214.544821
0,11,11219.627113
0,13,11222.976254
0,52,11235.825672
0,30,11244.626688
1,2,11248.101011
0,41,11258.768614
0,23,11266.266891
1,2,11269.996862
0,33,11279.354322
0,28,11287.790672
0,43,11298.90171
0,32,11305.82029
0,38,11316.113254
1,2,11319.645261
0,16,11325.819329
0,19,11332.706758
0,16,11338.855833
0,37,11346.551303
0,12,11349.25417
0,35,11358.545123
0,28,11366.954716
0,41,11375.619195
0,25,11381.261527
0,28,11389.813964
1,2,11393.622258
0,42,11404.55464
0,19,11410.48881
0,21,11415.6595
0,28,11421.840653
0,36,11431.763754
0,37,11440.598858
0,31,11449.452439
0,36,11459.128519
0,11,11464.214706
1,2,11468.045743
1,27,11475.756866
0,1,11476.543668
0,2,11480.069103
1,1,11482.460006
1,28,11490.826345
0,19,11497.407471
0,22,11503.197274
0,19,11510.002484
0,29,11518.445539
0,39,11528.584874
0,37,11539.642775
0,35,11549.326505
0,32,11558.594877
1,2,11562.173016
0,36,11571.395567
0,32,11578.247168
0,32,11585.213618
0,33,11594.650783
0,21,11599.91588
0,34,11609.390643
0,34,11619.6838
1,1,11622.869239
0,20,11628.841631
1,2,11633.430951
1,28,11641.84454
0,14,11646.724753
0,40,11657.469647
1,2,11661.558559
0,28,11670.213906
0,27,11678.299012
1,2,11682.50902
0,11,11685.221661
0,1,11686.033727
1,2,11689.525401
0,19,11695.633672
0,43,11706.176163
0,32,11715.41184
0,28,11724.936734
0,20,11730.603162
0,1,11731.578349
0,1,11733.670896
0,31,11742.688948
0,16,11748.794708
0,15,11752.778883
0,16,11758.899961
0,25,11765.877498
0,32,11775.100318
0,16,11781.26393
0,29,11789.758984
0,24,11797.182482
0,16,11803.150884
0,47,11815.125048
0,4,11816.94753
0,27,11822.918318
0,47,11835.000135
0,18,11841.695704
0,18,11848.232871
0,11,11853.391072
0,25,11861.167537
0,11,11866.392379
0,26,11873.513909
0,20,11880.728709
0,29,11889.262524
0,35,11898.657687
0,9,11903.4492
0,30,11912.149675
1,2,11915.758772
0,16,11922.007207
0,5,11923.952481
1,2,11927.794976
0,21,11932.857883
0,23,11940.035089
0,23,11947.369121
1,2,11951.158028
0,7,11955.679088
0,23,11963.474721
0,19,11970.167057
0,30,11979.084943
0,31,11987.922725
0,18,11993.583799
1,1,11996.046612
0,28,12002.364512
1,2,12006.240283
1,1,12008.61325
0,28,12016.016119
1,2,12020.508895
0,17,12024.977221
0,1,12025.722548
0,1,12026.566652
0,10,12031.528447
0,1,12032.739138
0,32,12039.924994
1,2,12043.835447
0,38,12053.25806
0,42,12064.362108
0,31,12073.15877
0,37,12081.305127
1,2,12085.04035
0,47,12096.990334
1,2,12100.792616
0,2,12104.37274
0,15,12110.265926
0,52,12123.092039
0,34,12132.873816
0,41,12143.637847
0,11,12146.683991
0,16,12152.806462
0,16,12158.884506
0,38,12168.887848
0,13,12174.484691
0,39,12185.019135
0,44,12196.225291
0,26,12204.381449
0,17,12210.660566
0,11,12215.756554
0,16,12221.80956
0,42,12232.80852
0,29,12240.293081
0,28,12248.710805
0,40,12259.272241
0,28,12267.779791
0,36,12277.443804
0,18,12283.812334
0,3,12286.211286
1,2,12289.887642
0,40,12300.37443
0,32,12309.480439
0,27,12315.403619
0,50,12327.694766
0,26,12335.867578
0,20,12342.637462
0,27,12349.729361
0,7,12353.167037
0,47,12364.657116
0,22,12371.900463
0,43,12382.802146
0,16,12388.860062
0,15,12394.665338
0,7,12397.060044
0,35,12404.414946
0,31,12411.947835
0,29,12420.136823
0,32,12429.091023
1,2,12432.676474
0,23,12440.01171
1,2,12443.525454
0,44,12454.996789
1,2,12459.198548
0,28,12467.723125
0,22,12474.92924
0,15,12480.690734
1,2,12484.519568
0,16,12490.85027
0,24,12498.344683
0,22,12505.432806
1,2,12509.312569
1,2,12512.833212
0,48,12524.835108
0,500,12788.510781
1,1,12790.847681
0,28,12799.195614
0,28,12806.786444
0,12,12810.223677
0,25,12818.221884
1,2,12821.694048
0,22,12828.936763
0,36,12838.816871
1,2,12842.838569
0,28,12850.100787
0,51,12861.948237
0,27,12868.079698
0,15,12873.79828
0,41,12884.491903
0,20,12889.200796
1,1,12891.568302
0,28,12899.959423
0,49,12912.109788
0,33,12922.991614
0,40,12933.481565
0,37,12943.47169
0,7,12946.484552
0,16,12951.803537
0,45,12963.225255
0,12,12968.631198
0,28,12977.167575
0,22,12984.454835
0,33,12993.565357
0,25,13001.172687
0,13,13006.679742
0,10,13009.477563
0,27,13017.625143
0,29,13025.942326
0,19,13034.219425
0,49,13044.343566
0,16,13050.55926
0,28,13058.748729
0,33,13066.020609
1,2,13069.901919
0,33,13079.239915
0,40,13089.817457
0,46,13101.999412
0,37,13111.93718
0,37,13121.855653
0,14,13125.059085
0,38,13134.422296
0,31,13143.046995
1,2,13147.050695
0,28,13155.658093
1,2,13159.428235
1,2,13162.937229
0,25,13170.58499
0,1,13171.763172
0,8,13173.922697
0,21,13179.636936
0,16,13185.83465
0,44,13196.028219
0,42,13206.730775
0,38,13215.718466
0,47,13228.42787
0,9,13231.890701
0,7,13236.219317
0,44,13247.571812
0,28,13255.982636
0,2,13259.161097
1,2,13262.9353
0,44,13273.606511
0,18,13279.307547
0,16,13284.715103
0,45,13297.62306
0,7,13301.836198
0,16,13307.932548
0,24,13315.46941
0,40,13324.076993
1,2,13327.845907
1,2,13331.862087
0,8,13335.362944
0,14,13340.976609
0,4,13343.520401
0,13,13346.942448
0,34,13356.208652
0,36,13366.057431
0,47,13377.783955
0,31,13384.651483
0,22,13391.641092
0,16,13397.681873
1,2,13401.716231
0,28,13409.9026
1,2,13413.690579
1,2,13417.205588
0,47,13428.064785
0,9,13431.05852
0,41,13441.211119
1,1,13443.641467
1,28,13452.164357
1,2,13455.977726
1,28,13464.421592
0,25,13470.564959
0,16,13474.517004
0,43,13486.162755
0,22,13493.914147
0,38,13504.083766
0,24,13510.93071
0,32,13519.980563
0,32,13529.028501
0,32,13537.959884
0,21,13542.911958
0,29,13551.51582
0,31,13560.47993
0,20,13567.229141
0,52,13579.383476
0,24,13587.000154
0,6,13590.477829
0,5,13593.375785
0,49,13605.444725
0,49,13617.586012
0,22,13624.953192
1,2,13628.434418
1,2,13632.117522
0,16,13638.454746
1,2,13642.278931
0,7,13644.224285
1,1,13646.547028
0,7,13651.085402
0,54,13664.54296
0,41,13675.354717
0,16,13681.342659
1,2,13685.161355
0,9,13687.424628
0,7,13691.80951
0,44,13704.387345
0,54,13717.62482
0,31,13726.296634
0,9,13731.043771
0,28,13739.294814
0,33,13748.393861
0,2,13752.119329
0,18,13758.519949
0,5,13761.25149
1,2,13765.022405
0,40,13776.110705
0,3,13777.851609
0,16,13783.892966
0,22,13791.153998
0,23,13796.710581
0,4,13798.561624
0,51,13810.913581
0,49,13824.040926
0,16,13830.264693
0,17,13836.481216
0,36,13846.270248
0,39,13855.392521
1,2,13859.278931
1,27,13866.759168
1,28,13875.204761
0,31,13883.994607
0,10,13888.917458
0,45,13899.092576
0,19,13903.885376
0,43,13914.916057
0,16,13921.144688
1,2,13924.97379
0,26,13932.185134
1,1,13934.597465
1,2,13938.394715
0,26,13946.331051
1,2,13950.295601
0,23,13957.859082
0,43,13968.952543
0,35,13978.68408
0,2,13982.197701
0,23,13989.460649
0,36,13998.005267
1,2,14001.91273
0,25,14012.022433
0,11,14014.716561
0,8,14022.762444
0,12,14027.261822
1,1,14030.268374
0,4,14031.71976
1,2,14035.254124
1,1,14037.702923
0,28,14046.146003
1,2,14049.859175
0,26,14058.118959
0,14,14061.668375
0,21,14068.609509
0,32,14076.275752
0,39,14085.382769
0,43,14096.46467
0,18,14102.883424
0,2,14106.485464
0,34,14114.426746
0,2,14117.893455
0,25,14124.215003
0,16,14130.189651
0,38,14140.494673
1,1,14142.958853
0,34,14151.286916
0,23,14159.046304
0,30,14167.18382
0,25,14174.815471
0,3,14176.087467
0,22,14181.177784
0,38,14191.274759
0,14,14196.32697
0,12,14200.25224
1,2,14204.039705
0,45,14215.482792
0,51,14227.832108
1,2,14231.757569
0,28,14239.272397
0,23,14245.256737
1,2,14248.956637
0,19,14255.761703
0,25,14263.475886
0,42,14272.979867
0,32,14282.008878
0,34,14289.222167
0,36,14299.176915
0,44,14310.373994
0,37,14320.59354
0,28,14329.002649
0,16,14333.866434
0,49,14344.000377
0,20,14350.869914
0,6,14352.998243
0,41,14363.805905
0,20,14370.617238
0,39,14380.878422
0,21,14387.468526
0,42,14397.525021
0,15,14403.691383
0,22,14410.890289
0,24,14418.402686
0,24,14423.54417
0,32,14432.553215
1,2,14435.980327
0,22,14442.986639
0,32,14452.058226
1,2,14455.878228
0,28,14464.421288
0,31,14472.773522
0,16,14478.843845
0,17,14482.951656
0,17,14489.054101
1,2,14492.90152
0,2,14496.721987
0,32,14506.400676
0,3,14510.029901
0,42,14520.927639
0,31,14529.830846
1,2,14533.330769
0,44,14544.039664
0,44,14555.659066
1,2,14559.493858
1,1,14561.893498
0,30,14570.601381
1,2,14574.102947
0,14,14577.416673
1,2,14581.347425
0,28,14589.828631
0,23,14596.49522
0,39,14606.918509
0,26,14613.273475
0,39,14623.445676
0,2,14626.861636
0,51,14639.463592
0,16,14645.695774
0,15,14650.892104
0,27,14658.961789
1,2,14662.802582
0,26,14670.835075
0,30,14679.864348
0,6,14682.844691
0,22,14688.842
0,32,14695.706244
0,13,14701.094871
0,52,14713.159737
0,17,14718.659663
1,2,14722.540551
0,18,14726.368449
0,27,14733.18582
0,20,14739.914704
0,44,14750.945346
0,2,14754.54504
0,47,14766.453087
0,14,14772.500298
0,16,14778.602865
1,2,14782.099448
0,23,14788.18543
1,2,14791.890771
0,37,14801.934825
0,16,14808.105925
0,31,14817.339993
0,45,14828.204944
1,2,14832.020107
1,27,14839.779987
0,25,14845.947285
0,16,14851.976213
0,13,14855.509713
0,41,14866.079951
1,2,14869.852022
0,31,14878.644762
0,12,14881.969386
1,2,14885.83496
0,28,14893.125502
0,14,14898.0126
1,2,14901.84484
0,13,14905.066638
0,1,14905.949887
0,1,14906.74775
1,2,14910.173657
0,18,14915.329955
0,35,14925.049658
0,16,14929.9016
0,21,14936.882353
1,1,14939.309283
1,1,14941.913446
0,1,14942.912667
0,11,14946.137305
0,43,14957.077722
0,33,14964.236727
0,16,14970.288103
0,27,14978.380256
0,19,14983.852855
0,30,14990.546175
0,20,14996.201399
0,48,15008.187176
0,16,15014.358091
0,28,15022.774602
0,31,15030.600948
0,35,15041.119797
0,43,15052.080406
0,16,15058.133415
0,54,15071.380435
0,14,15075.627856
0,17,15081.819402
0,36,15091.583604
0,48,15103.51683
0,31,15112.569494
1,2,15116.443785
0,18,15123.010621
0,16,15129.129507
0,17,15135.3695
0,16,15141.556264
0,53,15154.440446
0,39,15165.272708
0,52,15178.258669
1,2,15182.135701
1,2,15185.590083
0,16,15191.773312
0,3,15193.355429
0,30,15201.924676
0,38,15212.312135
0,17,15216.660683
1,2,15220.436073
0,31,15229.222663
0,24,15236.795201
0,41,15247.680584
0,21,15254.757738
0,19,15261.194148
0,35,15270.039438
0,33,15278.520221
1,2,15282.122985
0,36,15291.967296
0,34,15301.600908
1,2,15305.34668
0,41,15316.262193
0,18,15322.752651
0,38,15333.307697
0,14,15339.000633
1,2,15342.497355
0,21,15349.745729
0,29,15358.076013
0,19,15364.749195
0,22,15371.853731
0,46,15383.559837
0,46,15395.147699
0,10,15400.197671
0,21,15407.263047
0,46,15418.745936
0,29,15427.163557
1,2,15431.066172
0,38,15442.449904
0,4,15446.408463
0,16,15452.584653
0,42,15461.076429
0,29,15469.891926
0,37,15479.898898
0,26,15485.736533
1,1,15488.135623
0,28,15496.632129
0,1,15498.698117
0,41,15509.448609
0,16,15515.706998
0,16,15521.893272
1,1,15524.250422
0,28,15532.778849
0,25,15540.60683
0,31,15548.178239
0,45,15559.802796
0,32,15568.820216
0,19,15575.422195
0,4,15579.266043
0,17,15585.515854
0,16,15591.624903
0,3,15593.151129
0,19,15599.758958
1,2,15603.752021
0,50,15616.130104
0,22,15623.116357
0,16,15629.238835
0,21,15634.123259
0,8,15638.04421
0,23,15643.456308
0,20,15647.982655
1,2,15651.73859
0,28,15660.332182
0,2,15663.802084
0,25,15671.607228
0,28,15679.837672
0,4,15682.18605
1,2,15686.205837
0,28,15692.994505
0,17,15699.402363
0,44,15710.650822
0,27,15717.784384
0,53,15730.882882
0,24,15736.330843
0,45,15747.574872
0,20,15754.558748
0,44,15765.889432
0,16,15771.984352
0,27,15780.125185
1,2,15783.839676
0,18,15790.390692
0,20,15797.344556
0,32,15805.308934
0,25,15813.278034
1,2,15817.134733
0,44,15827.85391
0,28,15836.084825
1,2,15839.957128
1,2,15843.918197
0,23,15849.116307
0,1,15849.917517
0,1,15850.786716
1,2,15854.36888
0,36,15863.302143
0,34,15872.544204
0,16,15878.762859
0,12,15883.973321
1,2,15887.78844
0,41,15898.493285
0,2,15901.997306
0,32,15911.110188
0,19,15918.126294
0,33,15925.920656
0,42,15936.69559
1,1,15939.179366
0,26,15947.265827
1,2,15951.341355
0,10,15954.009937
1,2,15957.672826
0,35,15966.644745
0,28,15976.259075
1,2,15980.009951
0,20,15988.011094
0,25,15994.710232
0,6,15998.975851
0,23,16006.403322
0,8,16010.92819
0,35,16020.598676
0,25,16026.460048
0,23,16033.874319
0,30,16043.235019
0,27,16051.675664
0,34,16061.105762
0,47,16072.769878
0,19,16079.419427
1,1,16081.81971
1,29,16091.634478
0,31,16099.24474
0,26,16107.458757
0,17,16113.951475
1,1,16116.408492
0,4,16118.149263
0,8,16122.544839
0,19,16129.250366
0,18,16135.694795
0,11,16140.917033
0,22,16145.848569
0,16,16151.903633
0,37,16162.655186
0,42,16173.675229
0,21,16179.864377
0,36,16188.328585
0,28,16195.889517
0,45,16207.417593
0,30,16216.131693
0,19,16220.87394
0,8,16225.40014
1,2,16229.231254
0,39,16239.680879
0,15,16243.599921
0,54,16256.531077
0,16,16262.706658
1,2,16266.51724
0,16,16272.790907
0,35,16282.460797
0,41,16293.288648
0,19,16299.961827
0,49,16312.003515
0,12,16317.454843
1,2,16321.422886
0,21,16330.295397
0,53,16344.042746
0,17,16349.077538
0,18,16353.525827
0,27,16360.501773
0,2,16363.962416
0,43,16375.084013
0,21,16381.959599
1,2,16385.640685
0,17,16392.113896
0,7,16396.641647
0,26,16403.193924
0,44,16414.882829
0,23,16422.241385
0,52,16435.334396
0,17,16440.23265
0,7,16444.597235
0,30,16452.936209
0,28,16461.793756
0,26,16469.561191
0,49,16481.851019
0,35,16491.326658
0,34,16501.730867
0,16,16507.978845
0,7,16509.923565
0,46,16521.663716
0,25,16529.560872
0,17,16533.926831
0,30,16542.510185
0,2,16546.236866
0,35,16555.699965
0,36,16565.371624
0,13,16569.736493
0,31,16578.498906
0,37,16587.083677
1,2,16590.900132
1,2,16594.912604
0,31,16603.939501
0,36,16613.515809
0,19,16620.160166
0,44,16630.618953
0,49,16642.242345
1,2,16646.013309
0,19,16652.965662
0,5,16655.647355
0,37,16665.476385
0,14,16671.250935
0,29,16678.417561
1,2,16682.187848
0,25,16687.975453
1,2,16691.446559
0,39,16699.962096
0,2,16701.29964
0,14,16707.018835
0,40,16717.715775
0,43,16727.987083
0,23,16735.509788
0,2,16739.023624
0,16,16745.169835
0,11,16749.2478
0,52,16760.98949
0,23,16766.354048
0,34,16775.12882
0,43,16786.615082
0,35,16796.123678
0,2,16799.666074
0,9,16804.335898
1,2,16808.05682
0,15,16813.708114
0,15,16818.125681
0,20,16824.860671
1,2,16828.720254
0,24,16836.550785
0,28,16843.916665
0,47,16855.704619
1,2,16859.219203
0,33,16866.735543
0,24,16874.725741
1,2,16878.513611
0,1,16880.827831
0,27,16888.99075
0,28,16897.229491
1,2,16900.960872
0,17,16907.297333
0,33,16916.496892
0,42,16927.265445
0,27,16935.386197
0,23,16940.747777
0,25,16948.46885
1,2,16952.008437
0,24,16959.302775
1,2,16962.839651
0,57,16976.68654
0,29,16985.122667
0,25,16991.260846
0,52,17004.272342
1,2,17008.093298
0,16,17014.398062
0,44,17026.000217
0,17,17032.200523
1,2,17036.094858
1,28,17044.198456
0,17,17050.383358
0,16,17056.39861
0,16,17061.051232
0,19,17067.562978
1,2,17071.347499
0,33,17080.543478
0,10,17084.399765
0,19,17091.127857
0,43,17102.177895
0,32,17111.270856
0,26,17119.926329
0,16,17126.191595
0,12,17129.319329
0,41,17139.932083
0,43,17151.098648
0,10,17155.61559
0,16,17161.721554
0,30,17167.814824
0,41,17178.590113
0,36,17186.507629
1,2,17190.391203
1,28,17198.933654
0,34,17206.25131
1,2,17210.039105
1,1,17212.671259
0,16,17218.846094
0,15,17222.574983
0,13,17228.119067
0,30,17236.750937
0,32,17244.511466
0,19,17250.039721
0,36,17259.843038
0,24,17266.653044
0,16,17272.903881
0,26,17280.941847
1,2,17284.859606
0,32,17294.052498
1,2,17297.764325
0,27,17306.19218
0,15,17312.185094
1,2,17315.731869
1,2,17319.577195
0,55,17333.061524
0,24,17340.65466
0,16,17346.784569
0,34,17355.035288
0,29,17362.144086
0,29,17370.532672
0,6,17373.762201
1,2,17377.29501
0,33,17385.240761
0,42,17396.072603
0,11,17399.169688
0,31,17407.905624
0,54,17421.188835
0,40,17432.153308
0,56,17445.694725
1,1,17448.058287
0,19,17452.498749
0,33,17460.429036
0,28,17471.618756
0,16,17477.719191
0,9,17482.432496
0,46,17494.202938
1,2,17498.091402
0,28,17505.505933
0,2,17506.808433
0,32,17515.752263
1,1,17518.077149
0,28,17526.552557
0,25,17534.09987
0,10,17539.051136
0,28,17547.322735
0,24,17555.031951
0,25,17562.802945
0,19,17569.48561
0,2,17573.294596
1,2,17576.861449
0,11,17579.883351
0,28,17588.385513
0,38,17596.390129
1,2,17600.150592
0,44,17611.129331
0,15,17617.074754
1,2,17620.62773
0,7,17624.49219
0,29,17631.936538
0,25,17637.617348
0,15,17642.139661
0,8,17646.744918
0,16,17650.424762
0,36,17660.005965
0,25,17667.667579
1,1,17670.112795
0,1,17670.94907
1,2,17674.378575
0,43,17685.317421
0,35,17695.065905
0,17,17701.369346
0,27,17708.766174
0,35,17718.944007
0,49,17731.208183
1,1,17733.618236
0,29,17743.709274
0,1,17744.615257
0,38,17754.396355
0,28,17762.716984
1,29,17770.339097
0,1,17771.546763
0,1,17772.438612
0,33,17781.71379
0,14,17785.392057
0,54,17798.521748
0,37,17809.354671
0,7,17811.707571
0,21,17818.493044
0,6,17822.646553
0,14,17826.263389
0,27,17832.319058
0,40,17841.670331
0,16,17847.302063
0,44,17858.881843
0,34,17867.302608
0,30,17876.130264
0,46,17888.129041
1,2,17891.944334
0,4,17895.95107
0,33,17903.003058
0,20,17909.808706
0,14,17914.695702
0,41,17925.51209
1,1,17928.223963
0,2,17929.461187
0,30,17938.209081
0,30,17944.796877
1,2,17948.555907
0,33,17955.766925
0,34,17965.47203
0,46,17977.05201
0,43,17987.115141
0,31,17993.720963
0,34,18002.946077
0,8,18005.32391
0,28,18013.746219
0,15,18019.542829
0,5,18023.587641
0,35,18032.970769
0,2,18036.394591
0,24,18041.581099
1,35,18051.192985
0,2,18052.581444
0,1,18053.368514
0,28,18061.543409
0,46,18073.255854
0,33,18082.340563
0,38,18092.797462
0,24,18098.981833
1,2,18102.44171
0,8,18104.504097
0,15,18110.232771
0,15,18114.748333
0,33,18124.346741
0,44,18135.521562
0,26,18143.3608
0,13,18148.739136
0,22,18155.862041
0,55,18169.205254
0,32,18176.871563
1,2,18180.319534
0,24,18186.281125
0,16,18190.352488
0,46,18202.04847
0,2,18205.547629
0,34,18214.914821
0,41,18225.526662
0,34,18235.182862
1,2,18238.653469
0,24,18246.335798
0,47,18258.184027
0,16,18263.021276
0,2,18266.5064
0,15,18270.32172
0,30,18278.914695
0,26,18284.622667
0,16,18290.644073
0,14,18293.912108
0,7,18298.228045
0,50,18310.457431
0,39,18320.848912
0,29,18329.267448
0,1,18330.421392
0,23,18337.657778
0,25,18344.08726
0,6,18348.395758
0,13,18353.895271
0,42,18364.817964
0,54,18378.018491
0,20,18384.210346
0,15,18391.67847
0,21,18398.830963
0,48,18408.701696
0,35,18417.505653
0,26,18427.078874
1,2,18431.110768
0,1,18431.940506
0,18,18436.256327
0,49,18447.130821
0,42,18458.124516
0,11,18462.531065
0,38,18470.602657
1,2,18474.556675
0,6,18476.407982
0,38,18487.170757
0,21,18494.152977
0,16,18500.425295
0,9,18503.156552
1,15,18508.318799
0,28,18516.726444
0,36,18526.529361
0,19,18531.019917
0,2,18534.448826
0,21,18541.486334
0,31,18550.257441
0,16,18556.47483
0,22,18563.055317
0,33,18572.477777
0,45,18583.412862
1,2,18587.331395
1,27,18594.747211
1,27,18601.966942
0,30,18610.692176
0,16,18616.99699
1,2,18620.49176
0,25,18628.427152
0,28,18637.231215
1,2,18641.16074
0,28,18649.436028
0,13,18654.920251
0,40,18665.411406
1,2,18669.105305
1,29,18678.454659
0,31,18685.217183
0,18,18689.370109
0,17,18694.485708
0,26,18700.446753
1,1,18702.528893
0,41,18713.163153
0,7,18717.51693
0,8,18722.014132
0,40,18732.447603
0,28,18740.769253
0,38,18750.093284
0,24,18757.064836
0,54,18770.122527
1,2,18773.907404
0,16,18780.17669
0,22,18787.326302
0,2,18789.671824
1,2,18793.117315
0,24,18800.078084
0,32,18808.841855
0,40,18819.090223
1,2,18822.5774
0,27,18830.14851
0,23,18837.533361
0,34,18846.833542
0,48,18859.02414
0,41,18869.995922
0,29,18878.926653
0,35,18888.713926
0,28,18895.273607
0,20,18901.957883
0,1,18904.049599
0,24,18911.629771
0,35,18921.292171
0,49,18932.572597
0,50,18944.965575
0,45,18956.744673
0,22,18963.749282
1,2,18967.456162
1,2,18971.503615
0,6,18975.688776
0,46,18987.425166
0,34,18996.217271
1,50,19008.638267
1,2,19012.411645
0,33,19021.72378
0,48,19032.55265
0,33,19041.622557
0,17,19048.492202
0,28,19056.948212
0,16,19063.033777
0,11,19068.152562
0,32,19074.737561
0,47,19085.66135
0,28,19092.020032
1,2,19095.521004
0,26,19102.210783
0,9,19106.972979
0,16,19113.139295
0,13,19117.59859
0,19,19124.316468
0,24,19131.826014
1,2,19135.666016
0,16,19141.683307
0,22,19149.160636
0,33,19158.337402
0,33,19167.691036
0,43,19178.95939
0,4,19181.818187
0,16,19185.689232
0,28,19196.527061
0,5,19200.52287
0,37,19210.5117
0,29,19219.00024
0,39,19229.243677
0,9,19234.004691
0,52,19246.574315
1,2,19250.103783
0,16,19256.21175
0,22,19263.111424
0,31,19270.022599
0,37,19279.86951
0,5,19283.853481
0,36,19293.665048
1,2,19297.668834
1,28,19305.011375
0,16,19311.08003
0,51,19323.674706
0,38,19334.121127
0,32,19343.139416
0,29,19351.822963
0,24,19359.373446
1,2,19363.124797
0,21,19370.410017
0,22,19377.610239
0,28,19386.124429
1,2,19389.859838
0,46,19400.636971
0,8,19405.277062
0,17,19411.140996
0,16,19417.328363
0,37,19427.184463
0,28,19436.15471
0,29,19442.281872
0,16,19448.472209
0,30,19457.166293
0,20,19464.02692
0,16,19470.215583
0,52,19480.878589
1,2,19484.703011
0,28,19492.170076
1,2,19495.961612
0,20,19502.688029
1,2,19506.655047
0,20,19513.405302
0,46,19525.444829
0,23,19532.838972
0,54,19546.104574
1,1,19548.521149
1,28,19556.889682
0,36,19566.970744
0,36,19576.831054
0,4,19579.364995
0,16,19585.460432
1,2,19589.483702
0,28,19598.07416
0,47,19609.744665
0,16,19615.860343
0,19,19622.589703
0,27,19630.822828
0,31,19639.95898
1,2,19643.819668
0,51,19654.440553
0,46,19665.989778
0,6,19669.167637
0,22,19674.622629
0,31,19682.112324
0,10,19686.428418
0,5,19688.346843
1,2,19691.846628
0,33,19698.833104
0,28,19706.506555
0,16,19712.575379
0,31,19721.522696
0,19,19728.10175
0,35,19737.888414
0,17,19744.236443
0,3,19747.932711
0,16,19754.08084
0,500,20013.381164
0,30,20020.111956
0,43,20031.222463
0,28,20039.806655
0,45,20051.41737
0,37,20061.339074
0,13,20066.889596
0,34,20076.261106
0,56,20089.724804
0,21,20096.090829
0,16,20102.220775
0,28,20110.83856
0,26,20119.202655
0,2,20122.723466
0,6,20125.01137
0,5,20127.130656
0,42,20137.88624
0,52,20150.621353
0,14,20156.316797
0,22,20161.364834
0,34,20170.990114
0,40,20181.915578
0,27,20189.926924
0,34,20199.398628
0,34,20208.862772
0,47,20220.83111
0,10,20224.578016
1,1,20227.168277
0,8,20229.620701
0,54,20242.769297
0,31,20250.660179
0,41,20260.398643
0,33,20270.513932
0,34,20279.818321
0,37,20288.280129
0,16,20294.305077
1,2,20297.888777
0,37,20306.514441
0,54,20320.079084
0,27,20327.13066
0,1,20328.019618
0,15,20332.948017
0,32,20341.883661
0,41,20352.184024
1,2,20356.0952
1,28,20364.567191
0,18,20369.141035
0,15,20372.718034
1,2,20376.282358
0,12,20381.142159
0,16,20387.385492
1,2,20390.849677
0,37,20399.134798
0,14,20404.831095
0,11,20410.066727
1,2,20413.638101
1,2,20417.524148
1,28,20426.206604
0,16,20432.691259
0,40,20443.529561
0,13,20447.238743
0,22,20454.508802
0,16,20460.652076
0,47,20472.824195
0,16,20479.144841
0,30,20487.937651
0,43,20499.984269
1,2,20503.89724
0,28,20511.511328
0,43,20522.778445
0,16,20528.918876
0,38,20539.308786
0,46,20549.99656
0,23,20556.019786
0,9,20560.986685
0,38,20571.069605
0,11,20576.158715
1,2,20579.991024
1,2,20584.117519
0,28,20592.842766
0,1,20594.831033
0,33,20604.466799
0,43,20615.58546
0,4,20619.454447
0,500,20886.419012
0,53,20900.414874
1,2,20904.316337
0,17,20909.9482
0,29,20917.818009
0,16,20923.920192
0,2,20927.446342
0,17,20932.835788
1,1,20935.276118
1,2,20938.898517
1,2,20942.613937
0,23,20949.095273
0,38,20959.610846
0,18,20966.260215
0,20,20971.975876
1,2,20975.408137
0,30,20984.540179
0,14,20990.185577
0,32,20999.318497
1,2,21003.17869
0,34,21012.822144
0,30,21021.851881
0,27,21030.118525
1,2,21033.533452
0,53,21045.884689
0,23,21053.916314
0,45,21066.497108
1,2,21070.560039
0,25,21078.590915
0,1,21079.473649
0,1,21080.23356
0,17,21085.282592
0,4,21087.869497
0,24,21095.409198
0,16,21101.745147
0,14,21105.317003
0,48,21117.534714
0,23,21123.48524
1,2,21126.896887
0,16,21133.186717
1,1,21135.868804
0,40,21147.578733
1,2,21151.495562
0,30,21159.851078
0,9,21162.703428
0,42,21175.142901
0,18,21180.344954
1,2,21184.041318
1,2,21187.729947
1,1,21190.159121
0,49,21200.49447
0,18,21207.054301
0,36,21215.548531
0,31,21223.34292
0,9,21228.02276
0,16,21235.106447
0,24,21242.763461
0,39,21253.364838
0,22,21260.631362
0,20,21267.577672
0,34,21277.217628
0,39,21285.925335
0,37,21296.329534
0,33,21304.462811
1,2,21307.855345
0,45,21319.567471
0,38,21328.685047
0,33,21338.406098
0,37,21347.378745
0,9,21351.369438
0,18,21357.907545
1,2,21361.798811
0,2,21365.336879
0,10,21370.265185
1,2,21374.019402
0,25,21379.876813
0,10,21384.968385
1,2,21388.763771
0,36,21398.350368
0,20,21403.906361
0,51,21416.644253
0,27,21425.360412
0,35,21433.769041
0,27,21441.361311
0,46,21452.334947
0,31,21461.472992
1,2,21465.33838
0,31,21474.451133
0,25,21480.538995
0,31,21487.670803
0,46,21499.425846
0,43,21510.8168
0,26,21518.77018
0,44,21530.030839
0,16,21536.31701
0,13,21541.999825
0,28,21549.84012
0,9,21554.733961
0,13,21560.36695
0,53,21573.525535
0,30,21580.349444
0,38,21589.182623
1,2,21592.64572
0,24,21600.309828
0,16,21606.496938
0,36,21616.610869
0,32,21624.524786
0,25,21632.488844
0,33,21641.862167
0,18,21648.421447
0,16,21654.991702
1,2,21658.96599
0,22,21664.530247
0,20,21669.730747
0,2,21673.209793
0,16,21679.399875
1,1,21682.127601
1,22,21688.491807
0,28,21696.903804
1,2,21700.740567
0,47,21713.289322
0,17,21718.065544
0,16,21724.234365
0,24,21732.087628
0,30,21740.92541
0,29,21747.861025
0,46,21759.752494
0,1,21760.928939
0,11,21766.134519
0,19,21771.501261
0,36,21779.693779
0,33,21789.48127
0,24,21797.36902
0,19,21804.002423
0,28,21813.341629
0,30,21820.864817
1,2,21824.698584
0,16,21830.931765
0,7,21833.231922
0,27,21839.371763
0,11,21844.446188
0,16,21850.661247
1,2,21854.21645
0,32,21863.47328
0,13,21869.170909
0,41,21880.06579
0,37,21888.081111
0,2,21891.661274
0,41,21901.833477
0,35,21911.714801
0,25,21919.609018
0,2,21923.110019
0,32,21930.158376
0,45,21941.782896
0,18,21948.398744
0,13,21953.942746
1,2,21957.796406
1,1,21960.300402
0,1,21961.17433
0,20,21966.313541
1,2,21970.03989
0,43,21980.581672
0,50,21993.243163
0,17,21999.759804
0,39,22011.119478
1,2,22014.591767
1,2,22018.668608
0,28,22027.247252
1,2,22030.984333
1,2,22034.898243
1,2,22038.649665
1,2,22042.406665
0,16,22048.709402
0,46,22060.597794
0,16,22067.77425
0,45,22079.342054
1,2,22082.926009
1,2,22086.715103
0,28,22095.063036
0,30,22103.14212
0,30,22111.992634
0,16,22118.272698
0,39,22128.70752
1,2,22132.59671
0,53,22145.990811
0,34,22154.023808
0,36,22163.875006
1,2,22167.818262
0,25,22175.702618
0,13,22181.369993
0,40,22192.274973
0,49,22204.657264
0,49,22217.190388
0,29,22224.426293
0,17,22229.191196
0,37,22239.342612
0,28,22247.75897
0,26,22256.018417
0,1,22256.88817
0,1,22257.588275
0,32,22266.737957
0,25,22274.71208
0,30,22282.014004
1,2,22285.545602
0,22,22290.928495
0,16,22297.174932
0,34,22306.623957
0,27,22315.584942
0,46,22326.65062
0,20,22331.593646
0,22,22338.932654
0,31,22345.91454
1,2,22349.78299
0,27,22356.803699
0,52,22367.814062
0,43,22379.113191
0,31,22388.037208
0,35,22397.705385
0,47,22410.095167
0,30,22418.884642
0,28,22427.476943
0,21,22434.555912
1,2,22438.076066
0,22,22445.679084
0,25,22451.581347
0,49,22463.876548
0,39,22472.201757
0,2,22473.517589
1,2,22477.154407
0,38,22487.743783
0,32,22496.359323
1,2,22500.068971
0,25,22507.417346
0,43,22518.995126
1,2,22522.699674
0,15,22526.709073
0,19,22533.334058
0,47,22545.603567
0,45,22557.40983
0,18,22562.020905
0,31,22571.314428
0,12,22576.654862
0,16,22582.920108
0,47,22593.230501
0,19,22599.93777
0,35,22608.598511
1,2,22612.416505
1,28,22619.684453
0,50,22632.0552
0,8,22636.65009
0,7,22641.24462
0,24,22648.85549
1,2,22652.790454
0,33,22662.396492
0,34,22670.743746
0,28,22679.488091
0,22,22686.659771
0,1,22691.666002
0,33,22701.495183
0,19,22707.327533
0,19,22711.950779
1,2,22715.625938
0,28,22724.284383
0,19,22730.970793
1,2,22734.934764
0,12,22738.408335
0,41,22749.991173
0,39,22758.598954
0,50,22771.457847
1,2,22775.069586
0,45,22786.826597
0,25,22793.374039
0,23,22800.828804
1,2,22804.955494
0,6,22806.918283
0,1,22807.754861
0,6,22809.817333
0,25,22817.765934
0,8,22822.371732
0,13,22828.014357
0,40,22838.602244
1,2,22842.392305
0,26,22850.963089
1,1,22853.617068
1,2,22857.47025
0,28,22866.126287
0,32,22873.110698
0,23,22879.586244
0,20,22885.447245
1,2,22888.900341
0,24,22896.587167
0,55,22910.423714
0,47,22922.56081
0,36,22932.455513
0,32,22942.022768
0,42,22952.978463
0,44,22964.54749
0,6,22968.782037
0,30,22977.200729
0,34,22986.798036
0,34,22996.330816
0,38,23006.51448
0,42,23017.533444
0,12,23023.191767
0,41,23034.421375
0,27,23042.751669
0,47,23052.679183
0,11,23057.258297
1,2,23061.477602
0,8,23063.86324
0,1,23064.666972
0,28,23073.893861
0,34,23083.543893
0,15,23089.359627
0,23,23096.787369
0,26,23104.81479
0,26,23112.858959
1,1,23115.268593
1,28,23123.592448
0,14,23127.081939
0,31,23134.705542
0,44,23146.416481
1,2,23150.323852
0,35,23160.096998
1,2,23163.922723
0,35,23172.694619
0,16,23178.957021
1,2,23182.806538
0,27,23190.017828
1,2,23193.813459
0,16,23200.159171
1,2,23203.665338
0,17,23210.23468
0,13,23214.501359
0,20,23221.485491
0,16,23227.868
0,26,23236.0132
0,38,23255.576527
0,39,23265.143254
0,34,23274.591989
0,16,23280.86452
0,39,23291.240356
0,51,23304.046629
0,37,23313.931601
0,38,23323.06972
0,36,23334.250465
0,13,23339.928265
0,31,23349.138833
0,40,23357.661318
0,11,23362.75817
0,9,23365.550718
0,16,23371.721881
0,19,23378.470835
0,34,23387.303238
0,16,23393.394572
0,25,23404.198337
1,2,23408.279114
0,10,23412.667355
0,47,23424.923689
1,1,23427.311484
0,28,23436.018794
0,8,23438.469132
0,4,23439.833804
0,36,23450.298817
0,43,23460.246375
0,30,23468.694351
0,14,23474.421413
0,23,23481.840505
0,2,23485.358918
0,43,23494.448019
0,39,23505.003904
1,1,23507.357899
0,29,23516.982914
0,39,23527.524524
0,10,23530.885117
0,23,23538.829166
0,44,23548.410029
0,44,23559.782861
0,27,23568.086374
0,16,23574.241093
0,19,23579.700298
0,49,23592.184635
0,18,23598.77551
0,21,23605.895766
0,2,23609.45093
0,19,23616.253546
0,45,23626.6381
0,34,23636.527368
0,4,23638.163551
0,49,23649.299765
0,16,23655.53838
0,32,23664.814655
0,53,23675.908829
0,51,23689.024048
0,49,23701.588609
0,42,23711.289153
0,19,23718.025541
0,40,23728.457493
0,11,23732.655024
0,8,23735.353603
0,29,23743.704566
0,20,23748.462191
0,15,23753.049955
0,7,23756.823077
0,28,23765.581126
1,2,23769.475451
0,15,23775.411961
0,34,23785.044684
0,36,23795.087901
0,48,23806.15838
1,2,23810.133509
0,49,23822.573073
0,11,23827.059745
1,1,23829.635347
0,28,23838.356433
0,35,23846.320243
0,10,23851.402899
0,36,23861.225281
0,26,23869.161812
0,15,23874.243435
0,24,23882.53477
0,33,23889.96612
0,39,23898.555063
0,31,23907.453256
0,2,23910.976052
0,9,23915.842853
1,1,23918.268421
1,28,23926.835784
0,44,23938.098463
1,2,23942.056091
0,29,23949.335733
0,30,23958.174976
0,16,23964.279674
1,2,23968.015641
0,7,23970.331549
0,2,23973.811071
0,18,23979.61306
0,20,23986.861464
0,46,23998.590201
0,7,24003.059646
0,24,24010.993034
0,32,24020.148061
0,10,24025.331579
0,47,24037.17874
0,43,24049.006788
1,2,24052.895852
0,28,24061.677487
0,4,24063.038843
1,1,24065.437563
1,1,24067.804602
0,28,24077.166315
1,1,24079.503142
0,36,24089.660823
1,2,24093.865506
0,42,24105.019087
0,6,24109.27725
0,31,24116.212607
1,2,24119.968152
0,28,24128.633153
0,40,24139.715241
0,16,24145.943586
0,10,24151.003937
0,11,24154.033976
0,25,24161.016659
0,26,24169.099315
0,48,24181.953957
0,15,24187.271277
0,28,24194.953672
0,32,24204.344573
0,32,24211.401802
0,16,24215.224141
0,15,24218.960364
0,24,24226.845586
0,20,24234.066767
0,31,24241.226634
1,2,24245.028727
0,1,24245.947869
0,15,24252.009829
0,28,24260.611804
0,10,24265.644151
1,1,24267.973351
0,38,24278.147601
0,25,24286.257466
0,16,24290.216919
0,56,24304.068447
0,35,24312.659521
0,27,24320.986767
0,14,24325.647232
0,2,24329.115102
0,49,24341.639121
0,44,24351.957122
0,25,24359.675241
0,20,24366.461709
0,41,24375.975785
1,2,24379.963906
1,2,24383.582603
0,25,24389.643258
0,19,24396.384997
1,1,24398.67031
1,27,24407.118412
1,28,24415.724084
