# {"t_start": 1560238608.8260915, "env_id": "PickbotPickContinuousDoorHandle-v0"} 
r,l,t
-4.994225,2,3.581881
-3.752914,1,4.128947
-4.245381,2,5.19367
-3.121558,1,5.756001
-3.473656,1,6.313482
-3.610754,1,6.8495
-3.554388,1,7.386191
-3.159006,1,8.331625
-6.791175,4,10.349067
-4.930231,2,11.324116
-3.482876,1,11.852413
-3.558866,1,12.423547
-3.494765,1,12.997061
-3.426955,1,13.539129
-3.530814,1,14.099936
-3.589163,1,14.631163
-4.796885,2,15.479051
-3.815225,1,16.039488
-4.174601,2,16.923142
-3.401851,1,17.457258
-8.796009,6,20.400718
-3.604609,1,20.955224
-3.429799,1,21.511156
-6.93727,4,23.68556
-4.930781,2,24.764779
-3.728463,1,25.404772
-4.952057,2,26.367316
-3.599972,1,26.925895
-6.949739,4,29.160666
-4.685494,2,30.119441
-3.681813,1,30.648184
-3.66203,1,31.220987
-3.747504,1,31.784263
-3.502431,1,32.32629
-11.648667,9,36.888642
-3.256497,1,37.440552
-5.87188,3,38.974901
-5.758804,3,40.380149
-3.590514,1,40.9199
-3.645258,1,41.468662
-3.6686,1,42.022647
-3.7074,1,42.568978
-5.914412,3,44.019019
-3.857536,1,44.757531
-7.733296,5,47.444384
-3.62454,1,48.168945
-3.542705,1,48.887632
-3.805656,1,49.474675
-3.540712,1,50.04345
-4.905861,2,51.395021
-3.460581,1,52.156825
-4.74786,2,53.06251
-2.887033,1,53.662879
-4.631904,2,54.661448
-5.999616,3,56.027776
-5.712302,3,57.387677
-3.051284,1,57.941916
-5.847418,3,59.365089
-3.567608,1,59.909955
-3.676931,1,60.45513
-5.714866,3,61.891464
-3.717249,1,62.435311
-3.441837,1,63.033902
-3.485266,1,63.579617
-3.181889,1,64.153768
-4.682314,2,65.233186
-5.946439,3,66.827686
-12.508646,10,71.639591
-5.952528,3,72.979615
-6.892476,4,75.13754
-5.895722,3,76.41517
-3.586486,1,76.950895
-4.974059,2,78.016412
-4.882982,2,79.271149
-3.747149,1,79.88044
-4.806958,2,80.898766
-5.932103,3,82.766685
-6.931141,4,84.770819
-8.967286,6,87.516064
-3.583163,1,88.067816
-3.558084,1,88.594581
-7.862021,5,90.914091
-3.23662,1,91.4755
-3.777374,1,92.014912
-5.942226,3,93.697089
-3.358689,1,94.23402
-5.952754,3,95.650052
-5.828559,3,97.317277
-4.754268,2,98.219311
-3.514133,1,98.763763
-3.16193,1,99.342601
-4.701531,2,100.396909
-4.798705,2,101.350348
-3.60117,1,101.883965
-5.830245,3,103.635841
-3.61735,1,104.151035
-4.955289,2,105.335028
-4.993706,2,106.423396
-3.359789,1,107.042102
-3.726153,1,107.587671
-3.728211,1,108.248333
-4.887683,2,109.188544
-3.584433,1,109.746864
-5.653033,3,111.154591
-3.604838,1,111.720167
-3.234478,1,112.257841
-4.864511,2,113.333997
-3.700604,1,113.872969
-3.673855,1,114.406254
-4.97877,2,115.653261
-3.441933,1,116.1972
-10.801176,8,119.529553
-3.795227,1,120.204992
-3.503333,1,120.81099
-5.928567,3,122.352367
-6.604535,4,123.961662
-3.687416,1,124.506751
-5.972626,3,126.35617
-3.752511,1,126.932304
-3.44923,1,127.544931
-4.889673,2,128.571061
-3.550901,1,129.108531
-5.802162,3,130.36035
-3.261266,1,130.937971
-3.194417,1,131.522853
-3.074091,1,132.295182
-5.663574,3,133.587734
-4.329463,2,134.769863
-3.753932,1,135.293954
-3.260271,1,135.85579
-4.852184,2,137.044068
-3.613664,1,137.578829
-3.718812,1,138.125763
-4.932175,2,139.092893
-3.238596,1,139.645446
-9.003575,6,142.492069
-3.464351,1,143.019657
-9.014499,6,145.918577
-5.667706,3,147.55523
-3.742241,1,148.101105
-5.9454,3,149.637798
-7.623032,5,152.340915
-3.275273,1,153.128457
-3.564712,1,153.693616
-7.820165,5,156.093696
-4.831498,2,157.183483
-4.879015,2,158.173376
-6.798304,4,160.242557
-8.946313,6,163.649536
-3.958979,1,164.511067
-10.941791,8,168.256305
-6.493904,4,170.464847
-5.655053,3,171.978339
-3.423603,1,172.550437
-3.646961,1,173.185174
-5.810061,3,174.51836
-3.461961,1,175.086289
-4.891493,2,175.932496
-4.510763,2,177.162498
-5.979958,3,178.883412
-3.137032,1,179.437259
-3.179164,1,179.978153
-3.405792,1,180.519199
-4.414236,2,181.580959
-6.784531,4,183.430669
-4.648273,2,184.214816
-9.300021,7,187.551295
-5.903454,3,189.053368
-3.67143,1,189.583104
-9.977701,7,193.027834
-3.503101,1,193.552707
-3.168357,1,194.131063
-3.672019,1,194.662157
-3.476592,1,195.200295
-3.532704,1,195.747234
-3.825994,1,196.50479
-3.63128,1,197.033717
-3.300849,1,197.584
-8.518336,6,200.666245
-4.833463,2,201.627906
-7.979551,5,204.017162
-3.818139,1,204.562397
-4.691307,2,205.487506
-9.960325,7,208.871895
-3.485571,1,209.416914
-4.879761,2,210.581487
-8.722991,6,213.555908
-16.921179,14,220.161467
-9.881304,7,223.024743
-5.002729,2,223.944496
-3.610856,1,224.474938
-5.800652,3,225.734161
-4.782465,2,226.56227
-3.502478,1,227.093158
-3.805608,1,227.738809
-3.809844,1,228.290411
-3.439349,1,228.823388
-3.592905,1,229.39357
-5.780047,3,230.7169
-4.791761,2,231.535041
-7.74103,5,233.606748
-7.711208,5,236.091288
-6.3797,4,238.144369
-3.407417,1,238.673775
-4.846759,2,239.74796
-3.666382,1,240.270112
-3.765349,1,240.808912
-3.396069,1,241.349211
-3.731207,1,242.005907
-3.775243,1,242.551168
-3.388659,1,243.108018
-3.811426,1,243.779927
-6.758458,4,245.911346
-3.698133,1,246.450542
-7.385099,5,249.008214
-3.554874,1,249.555858
-4.886692,2,250.71508
-7.426857,5,253.010932
-5.925261,3,254.416646
-4.933992,2,255.512464
-3.276124,1,256.332139
-3.559723,1,256.870254
-7.727608,5,259.557161
-3.490475,1,260.163262
-4.806796,2,261.163004
-4.664997,2,262.127883
-4.919958,2,263.126216
-3.817093,1,264.018206
-3.436616,1,264.544689
-3.533679,1,265.157395
-4.885597,2,266.355988
-3.659345,1,266.890815
-4.76126,2,267.901076
-4.600109,2,268.911052
-3.554401,1,269.44929
-3.596259,1,270.001231
-3.519722,1,270.55074
-5.894943,3,272.195099
-6.331802,4,274.028936
-4.877364,2,275.168195
-3.807809,1,275.748192
-3.682496,1,276.467587
-3.701719,1,277.134069
-3.57516,1,277.68577
-3.461122,1,278.218012
-3.479903,1,278.75278
-8.794682,6,282.748213
-4.911647,2,284.018717
-4.970367,2,285.029161
-16.784051,14,292.34422
-3.797646,1,292.999975
-3.301423,1,293.723058
-3.441095,1,294.255603
-4.427602,2,295.119482
-3.099995,1,295.702756
-3.678215,1,296.238546
-4.867561,2,297.473517
-3.191338,1,298.017829
-3.898968,1,298.78745
-3.640982,1,299.329532
-3.470353,1,299.869127
-3.915969,1,300.619279
-13.288191,11,305.688136
-3.636549,1,306.218766
-4.88738,2,307.305285
-13.607657,11,312.602968
-4.807772,2,313.578357
-3.51447,1,314.109492
-3.92638,1,314.755477
-6.701501,4,316.670593
-3.784163,1,317.223684
-3.389221,1,317.814191
-3.765855,1,318.351458
-3.794772,1,318.963313
-4.994725,2,320.047009
-3.715159,1,320.589552
-5.828884,3,322.075171
-3.629854,1,322.615928
-3.993704,2,324.098187
-3.528399,1,324.764468
-3.80798,1,325.39524
-3.010357,1,326.022838
-12.900543,10,330.740844
-3.373714,1,331.373121
-4.669751,2,332.399121
-6.485464,4,334.500742
-3.508543,1,335.034072
-3.464593,1,335.577124
-5.973617,3,337.517109
-4.85431,2,338.664331
-3.912931,1,339.415084
-4.820356,2,340.305487
-4.810656,2,341.396914
-3.03149,1,341.952758
-3.395179,1,342.481499
-3.590521,1,343.034604
-3.443967,1,343.567566
-4.992345,2,344.743476
-4.948303,2,346.034531
-3.737052,1,346.565727
-3.526042,1,347.123825
-3.660547,1,347.653915
-3.901277,1,348.455013
-3.55648,1,348.997228
-3.737426,1,349.548251
-6.639127,4,351.481832
-4.862635,2,352.352161
-4.812051,2,353.255489
-6.614176,4,355.263141
-4.859432,2,356.506104
-5.785076,3,357.743851
-3.551531,1,358.278466
-4.556581,2,359.126334
-3.941707,1,359.874518
-6.787161,4,361.764328
-3.328898,1,362.315303
-3.901427,1,363.205056
-5.729873,3,364.946914
-5.001065,2,366.141644
-3.537254,1,366.666675
-3.752326,1,367.231273
-5.702218,3,368.875695
-3.289338,1,369.492244
-4.748339,2,370.542418
-3.719856,1,371.068358
-8.885884,6,374.120592
-3.711078,1,374.900502
-3.629641,1,375.450984
-4.763731,2,376.398624
-3.361599,1,376.979541
-3.670557,1,377.528321
-3.944218,1,378.299478
-3.664537,1,379.006234
-7.560645,5,381.566447
-3.571365,1,382.112059
-3.504698,1,382.667977
-5.997498,3,384.355911
-3.966437,1,385.221293
-3.452737,1,385.76775
-3.731596,1,386.299824
-4.944877,2,387.494584
-4.895689,2,388.461581
-3.667398,1,389.03361
-9.951137,7,392.584373
-5.609813,3,394.033756
-6.706321,4,396.211678
-3.739899,1,396.78603
-3.190628,1,397.349786
-4.653423,2,398.315472
-3.480687,1,398.866643
-4.98577,2,400.159704
-3.666694,1,400.785217
-3.770167,1,401.327651
-4.773786,2,402.35993
-3.861517,2,403.178292
-5.989604,3,404.347342
-4.702727,2,405.366124
-3.933068,1,406.126727
-3.293333,1,406.764346
-3.579156,1,407.31462
-3.744174,1,407.887286
-3.612829,1,408.447661
-3.15888,1,409.020499
-3.943411,1,409.90433
-3.723492,1,410.450721
-7.964393,5,412.800049
-3.420342,1,413.328711
-3.793725,1,413.989905
-3.578457,1,414.621951
-3.670996,1,415.166393
-3.680347,1,415.726785
-5.578422,3,417.295962
-3.889478,1,417.940814
-4.978813,2,418.983829
-4.865709,2,419.837839
-4.665633,2,420.663286
-3.572945,1,421.200888
-3.845385,1,421.947241
-3.453268,1,422.585989
-3.541279,1,423.123456
-3.772028,1,423.657497
-4.793232,2,424.844175
-3.157361,1,425.382188
-4.991674,2,426.394658
-3.495931,1,426.954575
-3.945985,1,427.696235
-6.693252,4,429.778052
-8.985194,6,433.080651
-2.979698,1,433.659072
-3.496913,1,434.195161
-3.10465,1,434.765392
-9.690968,7,438.345757
-4.687909,2,439.241144
-6.61896,4,441.653887
-3.861477,1,442.428205
-3.458797,1,442.990289
-4.919604,2,444.207186
-3.949069,1,444.96367
-4.946007,2,445.997072
-3.572903,1,446.527093
-5.784648,3,448.16613
-4.524696,2,449.198545
-5.452323,3,450.546733
-3.567201,1,451.284323
-6.783882,4,453.455645
-8.951081,6,456.491464
-4.953486,2,457.772463
-3.684118,1,458.338978
-3.482025,1,458.897448
-3.561264,1,459.43706
-4.767978,2,460.298248
-4.987775,2,461.648054
-8.836387,6,464.429796
-3.556162,1,464.967512
-3.185886,1,465.487641
-4.951044,2,466.697075
-3.685311,1,467.232615
-3.200901,1,467.77817
-4.818119,2,468.697754
-2.966852,1,469.255155
-3.580425,1,469.812279
-4.895714,2,470.962245
-3.502849,1,471.603299
-4.855333,2,472.868314
-3.495944,1,473.464569
-3.311208,1,474.036879
-3.860694,2,474.97718
-4.935394,2,476.111941
-3.873224,1,476.821023
-12.844828,10,481.918947
-3.375749,1,482.468598
-3.627357,1,483.0164
-4.503615,2,483.933218
-3.788159,1,484.566093
-3.640466,1,485.090883
-3.455215,1,485.638216
-3.69737,1,486.208501
-5.927912,3,487.659458
-4.968625,2,488.567405
-3.659483,1,489.089437
-3.525795,1,489.643684
-3.622218,1,490.188193
-3.477438,1,490.727414
-3.534056,1,491.264166
-3.425756,1,491.808495
-3.914475,1,492.707025
-4.684057,2,493.722305
-13.558666,11,498.746249
-4.718775,2,499.588717
-3.795883,1,500.222422
-3.821486,1,500.800654
-5.633128,3,502.46066
-3.70299,1,503.001656
-7.631375,5,505.328779
-4.942864,2,506.286246
-4.895383,2,507.269377
-3.101279,1,507.908731
-6.863146,4,509.467754
-3.66234,1,509.989005
-4.265684,2,511.033921
-3.71789,1,511.576211
-3.503885,1,512.098576
-3.826338,1,512.679549
-3.61548,1,513.297745
-3.421585,1,513.924935
-4.625939,2,514.942381
-9.944569,7,518.843127
-5.897512,3,520.369946
-7.4686,5,522.830519
-3.944627,1,523.491689
-8.946166,7,526.612991
-3.115698,1,527.163911
-3.888166,1,527.908137
-3.557585,1,528.468974
-5.761938,3,530.256181
-5.989604,3,531.714863
-5.64779,3,532.966265
-5.976531,3,534.868747
-4.850459,2,535.858103
-8.968173,6,538.955281
-3.063437,1,539.498761
-7.914311,5,542.597049
-3.647634,1,543.135923
-8.506366,6,545.82034
-3.580797,1,546.354312
-5.7601,3,547.763359
-3.712653,1,548.298053
-3.396189,1,548.826122
-4.943412,2,549.930232
-3.793438,1,550.493549
-3.589949,1,551.066207
-4.708274,2,552.088387
-3.750971,1,552.887408
-3.420235,1,553.619217
-12.840056,10,558.758341
-3.437479,1,559.311114
-4.740829,2,560.352369
-3.818571,1,560.928088
-3.656969,1,561.483232
-3.774082,1,562.221687
-8.681232,6,564.608444
-3.901972,1,565.396625
-4.769332,2,566.310638
-5.785476,3,567.873328
-4.638879,2,569.234651
-6.512448,4,571.157715
-4.756299,2,572.16768
-3.59629,1,572.733681
-3.07239,1,573.277276
-5.734422,3,574.595073
-6.976612,4,576.923976
-3.56266,1,577.67244
-3.766647,1,578.228197
-4.885857,2,579.502785
-3.328157,1,580.331761
-4.849062,2,581.462091
-4.965554,2,582.651772
-3.670993,1,583.201733
-11.856513,9,587.506345
-5.948072,3,589.186844
-4.662386,2,590.051472
-4.814462,2,590.869238
-5.987641,3,592.477828
-3.351225,1,593.004649
-4.918365,2,594.134403
-3.24831,1,594.698772
-3.444231,1,595.275122
-4.730806,2,596.341287
-9.611483,7,599.516453
-4.970004,2,600.659987
-7.866805,5,603.2003
-4.538524,2,604.493611
-7.963868,5,606.537829
-4.978918,2,607.637978
-5.555578,3,609.079726
-14.799647,12,614.589286
-3.505485,1,615.14448
-3.313776,1,615.713153
-3.071274,1,616.327177
-3.677651,1,616.868602
-4.691969,2,618.198931
-4.937804,2,619.485061
-3.771253,1,620.043353
-9.914236,7,623.912992
-7.66787,5,626.158554
-5.858996,3,627.483797
-3.542664,1,628.033228
-3.743781,1,628.594296
-3.534428,1,629.139587
-3.372814,1,629.67285
-5.914299,3,631.314453
-4.192345,2,632.335438
-5.839073,3,633.883369
-3.466089,1,634.513255
-5.002021,2,635.642403
-3.466927,1,636.17674
-3.704602,1,636.904366
-3.734764,1,637.619728
-5.730634,3,639.108564
-4.638685,2,640.17818
-3.309021,1,640.713252
-4.954723,2,641.880301
-7.969384,5,644.33677
-3.4722,1,644.988613
-4.943469,2,646.128838
-4.862288,2,647.207069
-3.80292,1,647.793061
-6.775361,4,649.710256
-4.717087,2,650.757591
-3.593846,1,651.341289
-5.821425,3,652.731213
-4.915668,2,653.673134
-3.475305,1,654.230884
-4.929334,2,655.196749
-3.967818,1,655.950116
-3.482959,1,656.485824
-3.673477,1,657.027944
-3.676295,2,657.874354
-3.854217,1,658.63702
-3.714094,1,659.180473
-5.94084,3,660.688846
-3.025402,1,661.257399
-3.159832,1,663.645027
-4.537145,2,664.608269
-4.958115,2,665.836104
-7.279941,5,668.262117
-3.552599,1,669.062832
-4.850397,2,670.267063
-4.91703,2,671.346267
-5.906087,3,672.980184
-3.735916,1,673.513706
-9.859627,7,677.118913
-5.876184,3,678.533893
-3.328902,1,679.067865
-4.952207,2,680.117561
-7.0029,4,682.393256
-3.503758,1,682.94021
-6.355096,4,684.958242
-4.936554,2,686.186965
-4.431258,2,687.197133
-3.443107,1,687.748786
-3.589264,1,688.538216
-3.481681,1,689.276243
-3.512853,1,689.831211
-3.383154,1,690.380313
-3.401661,1,691.005062
-3.709071,1,691.555526
-3.240184,1,692.164544
-4.934414,2,693.011066
-4.973209,2,694.299278
-6.995313,4,696.414711
-3.819908,1,697.352179
-5.729094,3,698.620021
-7.715222,5,700.868592
-3.263643,1,701.402225
-3.431818,1,702.122862
-4.923315,2,703.356686
-3.681922,1,703.889893
-10.820559,8,707.617137
-4.785984,2,708.60439
-4.378171,2,709.54882
-3.843352,1,710.281889
-3.577521,1,710.970898
-3.806364,1,711.635175
-3.582112,1,712.303368
-3.542267,1,712.838327
-3.694798,1,713.466776
-3.774799,1,714.017717
-4.91921,2,714.995631
-5.845407,3,716.870121
-3.441524,1,717.409987
-3.404542,1,717.956235
-3.488177,1,718.483706
-3.461747,1,719.022185
-8.353958,6,721.4949
-4.675068,2,722.517
-3.454453,1,723.059089
-5.792474,3,724.68621
-4.865732,2,725.890024
-4.971448,2,726.994922
-3.469813,1,727.61079
-3.485825,1,728.131273
-3.555051,1,728.705627
-3.451261,1,729.236853
-3.700126,1,729.77479
-3.441619,1,730.339393
-3.201605,1,730.906597
-3.19258,1,731.477421
-3.639413,1,732.010173
-3.945747,1,732.770156
-3.474449,1,733.299611
-4.660219,2,734.339692
-3.542543,1,734.898662
-7.678835,5,737.250772
-3.8327,1,737.877585
-3.910975,1,738.723338
-3.626421,1,739.395051
-3.446099,1,739.948156
-4.908683,2,740.971824
-2.885292,1,741.522317
-3.284503,1,742.051445
-5.605267,3,743.550681
-3.403557,1,744.079639
-3.713017,1,744.70555
-5.827091,3,746.354923
-3.321577,1,746.915874
-4.894499,2,748.040798
-3.395746,1,748.591017
-4.344211,2,749.492416
-3.503295,1,750.045429
-3.341492,1,750.577779
-3.665296,1,751.249752
-4.357129,2,752.511422
-4.936989,2,753.639933
-6.617252,4,755.63962
-4.870347,2,756.747902
-4.856761,2,757.801023
-3.370463,1,758.40924
-4.823526,2,759.332693
-4.953509,2,760.141519
-3.392942,1,760.673787
-3.710627,1,761.211233
-4.893961,2,762.486809
-5.92676,3,763.992193
-3.758593,1,764.536001
-6.531069,4,766.7804
-3.250551,1,767.335299
-3.813558,1,767.966869
-3.674872,1,768.519988
-3.796456,1,769.174447
-3.873265,1,769.833876
-5.902895,3,771.323375
-6.914292,4,773.047929
-6.749291,4,775.096616
-3.559494,1,775.644397
-5.939516,3,776.961593
-5.816678,3,778.700621
-3.542131,1,779.233723
-3.43325,1,779.776041
-3.735782,1,780.321413
-3.63096,1,780.856782
-3.475571,1,781.402955
-5.90946,3,782.729079
-3.899345,1,783.628742
-3.244968,1,784.231482
-8.885913,6,787.024785
-3.835878,1,787.649125
-3.532127,1,788.178936
-5.975046,3,789.495796
-3.367268,1,790.046769
-3.771733,1,790.604648
-3.698793,1,791.13902
-3.731853,1,791.920648
-3.690876,1,792.468684
-3.598385,1,793.089185
-3.489413,1,793.622396
-7.753732,5,795.968817
-8.468751,6,798.814613
-6.942226,4,800.914432
-3.749168,1,801.469526
-6.806545,4,803.52196
-3.772646,1,804.060335
-4.802894,2,804.932366
-5.736488,3,806.883771
-7.666497,5,809.12614
-4.690675,2,810.258788
-7.672597,5,812.486274
-4.52398,2,813.444548
-3.151421,1,814.009266
-3.466455,1,814.52615
-3.722058,1,815.057131
-3.45356,1,815.605906
-4.31181,2,816.380169
-4.888445,2,817.276515
-6.731895,4,819.267404
-5.271595,3,820.854728
-3.240987,1,821.424252
-6.446509,4,823.998017
-4.780409,2,824.850882
-3.511702,1,825.388378
-5.161816,3,826.495291
-4.83413,2,827.660175
-3.471496,1,828.204021
-3.066814,1,828.770633
-3.603801,1,829.380462
-3.687699,1,829.941952
-3.360487,1,830.477814
-3.608435,1,831.096257
-4.773195,2,832.141104
-3.367131,1,832.681024
-3.498333,1,833.236755
-6.905976,4,835.306617
-3.593336,1,836.08339
-2.946806,1,836.640694
-10.683192,8,840.941255
-3.678572,1,841.475541
-5.841121,3,843.050434
-3.401377,1,843.600251
-3.624256,1,844.139051
-5.796195,3,845.712084
-3.444339,2,849.189971
-3.472745,1,849.757261
-5.990307,3,851.043095
-5.901047,3,852.360747
-3.229282,1,853.047117
-5.974763,3,854.727472
-3.711309,1,855.248328
-3.624587,1,855.798441
-6.757435,4,858.120792
-3.567791,1,858.663317
-3.630446,1,859.2895
-5.726567,3,860.824238
-3.518963,1,861.376991
-4.939173,2,862.304516
-3.396658,1,862.874851
-3.633586,1,863.41301
-4.808603,2,864.596771
-3.465857,1,865.127595
-3.791568,1,865.810312
-3.642905,1,866.352613
-3.491922,1,866.888235
-3.945273,1,867.614969
-3.444539,1,868.186467
-6.686963,4,870.302521
-3.202052,1,870.854107
-3.336335,1,871.512435
-14.442198,12,877.24908
-7.978266,5,880.004643
-4.944664,2,881.296149
-2.983745,1,881.958747
-7.956977,5,884.154464
-3.503528,1,884.756939
-3.472391,1,885.396302
-4.900308,2,886.266683
-5.619846,3,887.734949
-3.428649,1,888.281319
-4.974094,2,889.549039
-4.898539,2,890.631089
-3.933217,1,891.534554
-3.444477,1,892.063242
-3.748188,1,892.604357
-3.929688,1,893.292757
-4.89846,2,894.254394
-3.038715,1,894.805052
-3.648092,1,895.347946
-3.479754,1,895.884821
-3.696411,1,896.550955
-3.546973,1,897.294569
-4.543498,2,898.205379
-3.485182,1,898.733016
-6.920405,4,900.704995
-4.898862,2,901.779677
-8.808596,6,904.619046
-3.686023,1,905.27154
-4.521115,2,906.127308
-3.393006,1,906.766249
-3.764729,1,907.458312
-7.877675,5,909.52094
-6.293306,4,911.349899
-4.869753,2,912.43837
-5.686526,3,913.565676
-3.668967,1,914.107023
-7.95936,5,916.459573
-3.674795,1,917.026662
-3.607041,1,917.587478
-4.67352,2,918.656537
-3.973469,1,919.615315
-5.610485,3,920.874086
-5.830745,3,922.400764
-3.604392,1,922.963278
-3.654396,1,923.769181
-3.67777,1,924.314806
-3.95015,1,925.058621
-3.725176,1,925.731689
-3.816023,1,926.296324
-3.345815,1,926.848942
-7.635902,5,929.530555
-3.781341,1,930.137676
-9.84925,7,933.342136
-4.75982,2,934.45452
-4.836054,2,935.616862
-15.983987,13,941.601468
-8.478571,6,944.593574
-3.801887,2,947.396368
-3.3783,1,947.921176
-3.526392,1,948.458989
-3.815673,1,949.011292
-6.833914,4,950.984818
-3.596626,1,951.526739
-3.551016,1,952.056322
-3.490715,1,952.579994
-4.881841,2,953.540351
-3.274301,1,954.100377
-3.751363,1,954.723372
-3.44403,1,955.268516
-9.945601,7,958.309927
-3.795011,1,958.861796
-2.953818,1,959.414598
-4.610397,2,960.265555
-3.592531,1,960.837081
-3.799954,1,961.414047
-7.921979,5,963.871268
-5.938709,3,965.365987
-5.986536,3,966.813518
-4.844262,2,967.906153
-3.355731,1,968.440915
-3.784633,1,969.166862
-3.489754,1,969.708075
-3.64501,1,970.260616
-3.760594,1,971.115263
-4.965906,2,972.20892
-3.10757,1,972.747948
-3.556563,1,973.351075
-8.960859,6,976.547423
-3.944457,1,977.26501
-6.861814,4,978.734767
-3.6753,1,979.291848
-3.667462,1,979.859174
-4.900528,2,981.052404
-4.957582,2,982.25388
-5.585106,3,983.712362
-4.976346,2,984.711793
-15.912504,13,990.735289
-3.535534,1,991.267564
-4.870811,2,992.267877
-3.405475,1,992.92951
-4.555818,2,993.78253
-5.996099,3,995.134443
-4.791585,2,996.183368
-3.176639,1,996.740852
-3.153546,1,997.337874
-7.988004,5,999.827126
-3.624061,1,1000.367846
-3.241526,1,1000.941918
-3.408951,1,1001.509606
-3.685769,1,1002.068643
-3.735649,1,1002.608838
-4.677548,2,1003.650686
-4.556325,2,1004.473693
-3.940611,1,1005.230829
-4.814539,2,1006.36177
-3.502358,1,1006.922652
-4.970459,2,1008.393905
-4.650626,2,1009.474447
-3.73494,1,1010.025148
-8.97394,6,1013.019149
-3.489795,1,1013.583215
-3.703003,1,1014.141647
-3.670822,1,1014.825261
-3.383166,1,1015.364847
-5.968697,3,1016.951249
-4.664604,2,1017.862401
-3.209303,1,1018.406642
-3.460777,1,1019.027979
-3.363042,1,1019.57906
-3.621138,1,1020.279368
-3.155095,1,1020.822411
-3.404847,1,1021.430816
-4.910073,2,1022.591247
-4.786032,2,1023.591515
-3.916349,1,1024.361992
-3.328915,1,1025.017229
-3.626696,1,1025.555407
-5.968628,3,1026.968404
-3.742014,1,1027.524548
-3.17342,1,1028.061134
-3.265405,1,1028.711438
-3.862606,1,1029.497669
-4.931811,2,1030.460286
-4.772536,2,1031.416794
-4.748976,2,1032.35996
-5.782851,3,1033.558994
-3.420898,1,1034.101835
-3.957066,1,1035.004821
-3.151729,1,1035.544053
-5.001334,2,1036.748702
-4.817773,2,1037.761751
-4.964774,2,1038.741509
-4.908455,2,1039.826485
-3.583244,1,1040.370552
-5.966736,3,1041.57815
-3.946046,1,1042.42911
-6.995715,4,1044.551715
-6.828478,4,1046.615709
-3.620417,1,1047.166395
-7.947892,5,1049.876813
-3.773374,1,1050.402647
-7.967261,5,1053.214323
-9.648073,7,1056.931176
-4.497735,2,1057.813602
-6.470257,4,1060.059868
-5.959112,3,1061.764672
-5.929899,3,1063.283174
-3.389737,1,1063.820153
-3.371709,1,1064.364995
-3.53281,1,1064.937585
-3.546514,1,1065.468457
-3.799048,1,1066.235423
-3.177696,1,1066.811824
-3.317793,1,1067.361179
-3.850459,1,1068.258608
-3.94931,1,1069.00954
-3.950234,1,1069.878945
-3.470725,1,1070.432867
-6.99611,4,1072.216175
-2.984486,1,1072.795456
-3.514846,1,1073.341559
-3.506609,1,1073.90055
-3.68177,1,1074.479241
-3.658019,1,1075.235529
-3.568978,1,1075.814917
-3.725995,1,1076.508336
-3.958998,1,1077.369583
-3.531584,1,1077.924921
-5.842563,3,1079.263137
-4.728653,2,1080.345863
-5.911326,3,1081.803465
-4.774258,2,1082.83483
-3.56321,1,1083.432097
-4.930387,2,1084.421987
-3.61499,1,1084.980439
-4.665704,2,1086.022451
-3.966189,1,1086.879206
-3.734439,1,1087.440311
-4.68288,2,1088.379577
-3.37624,1,1089.278775
-3.71995,1,1089.921247
-6.754579,4,1092.141864
-4.825735,2,1093.3574
-5.495794,3,1094.970594
-3.793056,1,1095.547853
-3.579147,1,1096.089979
-3.429289,1,1096.626436
-3.518546,1,1097.175674
-3.3327,1,1097.718064
-5.81241,3,1099.398557
-4.902087,2,1100.273424
-3.893807,1,1100.929155
-4.646391,2,1101.946727
-3.64513,1,1102.515861
-3.423031,1,1103.061743
-4.95432,2,1104.287868
-3.080512,1,1104.840299
-3.049534,1,1105.452009
-3.310841,1,1106.054498
-6.888685,4,1107.980031
-2.967783,1,1108.540072
-3.541681,1,1109.090578
-3.930922,1,1109.931698
-3.405991,1,1110.464514
-4.900784,2,1111.52196
-3.561541,1,1112.07184
-3.741394,1,1112.603821
-3.591702,1,1113.165936
-6.854088,4,1115.250742
-4.846677,2,1116.10681
-6.994794,4,1118.171258
-4.971578,2,1119.165572
-4.657689,2,1119.986572
-4.887856,2,1121.215711
-4.967829,2,1122.284765
-3.475574,1,1122.836086
-3.817761,1,1123.471551
-5.326951,3,1124.948238
-3.585108,1,1125.522206
-3.243313,1,1126.108733
-4.89449,2,1127.103337
-3.519506,1,1127.63597
-6.657859,4,1129.492238
-3.635028,1,1130.01945
-4.771571,2,1130.924971
-3.489325,1,1131.468176
-3.964319,1,1132.314803
-3.728925,1,1133.059367
-3.556282,1,1133.617913
-3.193185,1,1134.176188
-5.931219,3,1135.700259
-3.509795,1,1136.389218
-4.908371,2,1137.459751
-4.896967,2,1138.420706
-3.696684,1,1139.078249
-4.412913,2,1140.169293
-4.857345,2,1141.110619
-3.374523,1,1141.659408
-3.443175,1,1142.208422
-3.934155,1,1142.961124
-3.948557,1,1143.705101
-3.803264,1,1144.334299
-3.544122,1,1144.862489
-4.914348,2,1146.038287
-6.617732,4,1148.119153
-3.568518,1,1148.673205
-3.387924,1,1149.300956
-5.628374,3,1150.65747
-4.943915,2,1151.70903
-3.501971,1,1152.251636
-4.803478,2,1153.258514
-3.683204,1,1153.805455
-3.531325,1,1154.372187
-5.313745,3,1155.95944
-3.771707,1,1156.521046
-3.517491,1,1157.043051
-4.907408,2,1158.008347
-3.875243,1,1158.769584
-4.851872,2,1159.871371
-5.699174,3,1161.430873
-3.378068,1,1161.978637
-3.469356,1,1162.665178
-4.872907,2,1163.499739
-3.647867,1,1164.041984
-3.2144,1,1164.575706
-5.849883,3,1166.070809
-3.235852,1,1166.621979
-4.775848,2,1167.673893
-3.209331,1,1168.229975
-5.854887,3,1169.571076
-7.60089,5,1172.016265
-6.961865,4,1174.047723
-3.389404,1,1174.588723
-5.405011,3,1176.205847
-3.469121,1,1176.761093
-4.82377,2,1177.594514
-3.625669,1,1178.132809
-7.874403,5,1180.419829
-3.246903,1,1181.020481
-4.688909,2,1181.911179
-7.971643,5,1184.438112
-3.787049,1,1184.981695
-5.561695,3,1186.293176
-5.799871,3,1187.98225
-4.955652,2,1189.168576
-3.372325,1,1189.739163
-4.751959,2,1190.848354
-3.824871,1,1191.446935
-5.924731,3,1194.596074
-4.876596,2,1195.663062
-3.926423,1,1196.384323
-3.167877,1,1196.999768
-3.545022,1,1197.604553
-7.707569,5,1200.053941
-4.988521,2,1201.039846
-4.922584,2,1202.043375
-3.543046,1,1202.58271
-3.294068,1,1203.150031
-3.741855,1,1203.692498
-3.607522,1,1204.219138
-5.821406,3,1205.601906
-3.369907,1,1206.113058
-3.657213,1,1206.657907
-3.33749,1,1207.196755
-3.892551,1,1207.959656
-4.948393,2,1208.944262
-3.494708,1,1209.476812
-6.822744,4,1211.355285
-4.62292,2,1212.252659
-4.998086,2,1213.273262
-3.482348,1,1213.801838
-3.431122,1,1214.361687
-7.591485,5,1216.880397
-3.826796,1,1217.64312
-5.930365,3,1219.174227
-3.5272,1,1219.70551
-3.403945,1,1220.24737
-3.194389,1,1220.804686
-3.532779,1,1221.362461
-4.972327,2,1222.305058
-3.264319,1,1222.878287
-3.696086,1,1223.413314
-6.845581,4,1225.733731
-3.704789,1,1226.266463
-3.578373,1,1226.80224
-6.999537,4,1229.151509
-3.783566,1,1229.696229
-6.838353,4,1231.674144
-3.467033,1,1232.201944
-3.593318,1,1232.726483
-3.73217,1,1233.296572
-4.666789,2,1234.173806
-3.709186,1,1234.711468
-5.886487,3,1236.087212
-3.159182,1,1236.725173
-3.404577,1,1237.292994
-4.738516,2,1238.531467
-5.93391,3,1239.999746
-4.81125,2,1240.993685
-3.529927,1,1241.740974
-3.124386,1,1242.316033
-4.809807,2,1243.434868
-3.717276,1,1243.993142
-3.614143,1,1244.611503
-3.566554,1,1245.152468
-4.841764,2,1246.224969
-3.586166,1,1247.141709
-4.848979,2,1248.282389
-4.766275,2,1249.402151
-4.509617,2,1250.545547
-4.821696,2,1251.619873
-3.172144,1,1252.328705
-5.813334,3,1253.869178
-5.740555,3,1255.113317
-3.600682,1,1255.643482
-4.832072,2,1257.080293
-4.607149,2,1258.137403
-4.844644,2,1259.381505
-5.786462,3,1260.882497
-4.845442,2,1262.050028
-3.238201,1,1262.626368
-4.547338,2,1263.870457
-7.487777,5,1266.460645
-3.493434,1,1266.999484
-6.222021,4,1268.928795
-4.896172,2,1269.974876
-5.292017,3,1271.352359
-4.997981,2,1272.434374
-4.61174,2,1273.467411
-3.936308,2,1274.277968
-3.596004,1,1274.931057
-3.596527,1,1275.504802
-6.883392,4,1277.537767
-4.907744,2,1278.579739
-3.597065,1,1279.133645
-3.521643,1,1279.696398
-4.859379,2,1280.842551
-5.757087,3,1282.336053
-3.441274,1,1282.862232
-3.719976,1,1283.39343
-3.523939,1,1283.951823
-5.438561,3,1285.339705
-3.730484,1,1285.885641
-4.814862,2,1286.88875
-3.848907,1,1287.637519
-4.907059,2,1288.783163
-3.720763,1,1289.315376
-6.978051,4,1291.731498
-4.905786,2,1292.89613
-3.562434,1,1293.436632
-3.538007,1,1293.977826
-4.910832,2,1295.142929
-3.275945,1,1295.717533
-3.25024,1,1296.275513
-5.338534,3,1297.563401
-3.219868,1,1298.091765
-4.933702,2,1299.212577
-3.769597,1,1299.768763
-3.494275,1,1300.301502
-6.92737,4,1302.212208
-4.684768,2,1303.327253
-4.799829,2,1304.408109
-2.958384,1,1304.986914
-3.79485,1,1305.565467
-4.974009,2,1306.927952
-7.967874,5,1309.428534
-7.777777,5,1312.088449
-3.70034,1,1312.623111
-4.832966,2,1313.878837
-3.93342,1,1314.640695
-3.333191,1,1315.162454
-4.802076,2,1316.166746
-4.838747,2,1317.455726
-6.787001,4,1319.529058
-3.73681,1,1320.082092
-3.320967,1,1320.628303
-3.51159,1,1321.173487
-5.755108,3,1322.839797
-3.235822,1,1323.508079
-3.758803,1,1324.047184
-4.896247,2,1325.365196
-3.197228,1,1325.894655
-3.082524,1,1326.473189
-6.746354,4,1328.601573
-3.042764,1,1329.258601
-6.831743,4,1331.45596
-3.457717,1,1331.995742
-3.588686,1,1332.559874
-4.827893,2,1333.543453
-4.98955,2,1334.789053
-3.450983,1,1335.36044
-3.706866,1,1335.893851
-4.848974,2,1337.187346
-5.684873,3,1338.612718
-3.829316,1,1339.226328
-4.966491,2,1340.442695
-3.278626,1,1341.001901
-5.95506,3,1342.698859
-3.467262,1,1343.245505
-4.797595,2,1344.124848
-3.804281,1,1344.713238
-4.948771,2,1345.696346
-3.685835,1,1346.25574
-6.427551,4,1348.503449
-3.077374,1,1349.057446
-9.71302,7,1352.345203
-3.950695,1,1353.075137
-5.830014,3,1354.498333
-5.702592,3,1355.808841
-3.558728,1,1356.374441
-14.021753,11,1361.838408
-3.188253,1,1362.384314
-5.722794,3,1363.577268
-3.316176,1,1364.124471
-5.327189,3,1365.450963
-3.480228,1,1365.981229
-3.64998,1,1366.536838
-5.966088,3,1368.059453
-9.299614,7,1371.569003
-12.787377,10,1376.424149
-9.931228,7,1379.708755
-3.324618,1,1380.284894
-3.710535,1,1380.975756
-4.996699,2,1381.841936
-5.6376,3,1383.249214
-3.224595,1,1383.793144
-2.988846,1,1384.34119
-7.774092,5,1386.790425
-3.713286,1,1387.380376
-3.497459,1,1387.912983
-3.324258,1,1388.446937
-3.460475,1,1388.97157
-9.814798,7,1391.966531
-5.893224,3,1393.506977
-3.499438,1,1394.029989
-3.599425,1,1394.556263
-7.376982,5,1396.971228
-3.376987,1,1397.5622
-4.843106,2,1398.564355
-4.967279,2,1399.824687
-3.196932,1,1400.372039
-3.831983,1,1401.018394
-15.894224,13,1406.975862
-5.949254,3,1408.456811
-5.61968,3,1409.997689
-3.470718,1,1410.607704
-4.57401,2,1411.460628
-3.548186,1,1412.033896
-3.494174,1,1412.586743
-4.832253,2,1413.731149
-3.575784,1,1414.359231
-7.845981,5,1416.629895
-10.673348,8,1420.873442
-4.846992,2,1421.762866
-4.918899,2,1422.698037
-3.628268,1,1423.231713
-3.933344,1,1423.944357
-3.708786,1,1424.655312
-3.54765,1,1425.190469
-4.754735,2,1426.316323
-4.771247,2,1427.292368
-4.931299,2,1428.469105
-3.238613,1,1429.032362
-3.432601,1,1429.561203
-3.429585,1,1430.145253
-3.821144,1,1430.706856
-5.931891,3,1432.289469
-3.197424,1,1432.842294
-3.520672,1,1433.581949
-4.840164,2,1434.360004
-3.500252,1,1434.889191
-5.76403,3,1436.563508
-3.273885,1,1437.104753
-3.371521,1,1437.634011
-3.634534,1,1438.178829
-3.766124,1,1438.71171
-5.876081,3,1440.242792
-4.682308,2,1441.296794
-3.267545,1,1441.85996
-6.804079,4,1443.934063
-4.749876,2,1445.003056
-10.552534,8,1448.215653
-3.334452,1,1448.774561
-6.567336,4,1450.486082
-4.931653,2,1451.57621
-5.931256,3,1453.272979
-3.804715,1,1453.842608
-3.459034,1,1454.372048
-3.192215,1,1454.922206
-3.786861,1,1455.462156
-3.530169,1,1455.996607
-8.883053,6,1458.936852
-9.988681,7,1462.320728
-6.721669,4,1463.980378
-6.701372,4,1465.921651
-3.730194,1,1466.47304
-3.644806,1,1467.01852
-3.699042,1,1467.579987
-6.717951,4,1469.542644
-3.500518,1,1470.285936
-3.876715,1,1471.058463
-6.957771,4,1472.731459
-3.433198,1,1473.284672
-9.77488,7,1476.667285
-7.831312,5,1478.95545
-5.974068,3,1480.5114
-3.281619,1,1481.086301
-3.389205,1,1481.629142
-3.298431,1,1482.197463
-3.736078,1,1482.747064
-3.420818,1,1483.328147
-3.616988,1,1484.088095
-4.620111,2,1484.908223
-3.524007,1,1485.440043
-4.986146,2,1486.728567
-5.963497,3,1488.090105
-3.736722,1,1488.621654
-3.145085,1,1489.176116
-4.825892,2,1490.398017
-3.453643,1,1490.959155
-6.8167,4,1492.919097
-3.808502,1,1493.638146
-3.50405,1,1494.171467
-5.785101,3,1495.561457
-3.651161,1,1496.092007
-4.735556,2,1497.339465
-3.694743,1,1497.886613
-5.572279,3,1499.215712
-3.384224,1,1499.751802
-3.216193,1,1500.297411
-3.477597,1,1500.844603
-6.655346,4,1502.655118
-3.528322,1,1503.190817
-3.522708,1,1503.754606
-7.783725,5,1506.063365
-4.653501,2,1507.077719
-3.961859,1,1507.833252
-4.94162,2,1508.892009
-4.560711,2,1509.749023
-3.425705,1,1510.277933
-3.509922,1,1510.809548
-3.913272,1,1511.699956
-3.38762,1,1512.244174
-5.871421,3,1513.438692
-4.877378,2,1514.819084
-6.417026,4,1516.907674
-4.853523,2,1518.164704
-3.472551,1,1518.713055
-10.97933,8,1522.777066
-3.069224,1,1523.362239
-3.576883,1,1524.019781
-6.822861,4,1526.677252
-5.572829,3,1528.176875
-5.915085,3,1529.755447
-6.987577,4,1531.763206
-3.73658,1,1532.422705
-4.979257,2,1533.629321
-3.388652,1,1534.177418
-3.777586,1,1534.724378
-3.705438,1,1535.259199
-3.954907,1,1536.008786
-3.76243,1,1536.561715
-3.608985,1,1537.113828
-4.911706,2,1538.101698
-6.837838,4,1539.831609
-6.976127,4,1541.84023
-6.912557,4,1543.610009
-4.912908,2,1544.464372
-5.947749,3,1545.966655
-4.723573,2,1546.955809
-3.586618,1,1547.546648
-3.604904,1,1548.089826
-3.933007,1,1548.878217
-3.497174,1,1549.426911
-4.913675,2,1550.42489
-3.524887,1,1550.966089
-3.540881,1,1551.644262
-4.941681,2,1552.908537
-5.722353,3,1554.421637
-3.625247,1,1555.149967
-3.470345,1,1555.732976
-4.96251,2,1557.005382
-4.421205,2,1557.860369
-5.862881,3,1559.332063
-6.867956,4,1561.107167
-4.682969,2,1562.099755
-5.610229,3,1563.673079
-3.611597,1,1564.24169
-3.50738,1,1564.931678
-4.912412,2,1566.083975
-3.758306,1,1566.628576
-5.977779,3,1568.106296
-4.817994,2,1569.144922
-3.755889,1,1569.673516
-3.400878,1,1570.371961
-6.294712,4,1572.350262
-3.77239,1,1572.887525
-6.741009,4,1574.681731
-6.806679,4,1576.61204
-3.686202,1,1577.146286
-3.637414,1,1577.715541
-4.981484,2,1578.847797
-3.756574,1,1579.382282
-4.566446,2,1580.420073
-3.626054,1,1580.973166
-5.931578,3,1582.299653
-3.525639,1,1582.860198
-4.894632,2,1583.680295
-5.989722,3,1585.286616
-4.8849,2,1586.147874
-3.3687,1,1586.694493
-3.365792,1,1587.226494
-6.768428,4,1589.458759
-3.674631,1,1590.145002
-3.549499,1,1590.678769
-3.520978,1,1591.201674
-6.994846,4,1592.868664
-5.852787,3,1594.322412
-3.466331,1,1594.858009
-3.382444,1,1595.412518
-5.815723,3,1596.7719
-3.368845,1,1597.321537
-3.614042,1,1597.977775
-5.976457,3,1599.527513
-3.522626,1,1600.062104
-4.940288,2,1601.074977
-4.912831,2,1602.248773
-3.529507,1,1602.788305
-3.966442,1,1603.730268
-6.872515,4,1605.920095
-4.946278,2,1607.039495
-6.980135,4,1608.756094
-3.917826,1,1609.483343
-4.928307,2,1610.698469
-4.924667,2,1611.740999
-5.803508,3,1613.408053
-3.917061,1,1614.182996
-3.661523,1,1614.729773
-4.706833,2,1615.647965
-4.904154,2,1617.092697
-3.751491,1,1617.66776
-4.908974,2,1618.930036
-4.978006,2,1619.814209
-5.903366,3,1621.429975
-3.414709,1,1621.961778
-3.652497,1,1622.491261
-3.528689,1,1623.013317
-3.681673,1,1623.568806
-3.663889,1,1624.122199
-3.456203,1,1624.671015
-10.860252,8,1628.759088
-3.864419,1,1629.658785
-4.58605,2,1630.702083
-4.752995,2,1631.717804
-3.636579,1,1632.268132
-5.657238,3,1633.761193
-3.663251,1,1634.305869
-3.380822,1,1634.977147
-3.944281,1,1635.72367
-3.51104,1,1636.255239
-4.847999,2,1637.305137
-5.630414,3,1639.099236
-7.72437,5,1641.911229
-6.972623,4,1643.701203
-5.671995,3,1645.032967
-3.816046,1,1645.630219
-4.896494,2,1646.673693
-7.663983,5,1649.671565
-3.357211,1,1650.206615
-3.39082,1,1650.754732
-3.790349,1,1651.37352
-8.172073,6,1654.042107
-3.827366,1,1654.713582
-3.70542,1,1655.251735
-3.455378,1,1655.784744
-3.410486,1,1656.430818
-6.9171,4,1658.486528
-3.605865,1,1659.02256
-3.699794,1,1659.723792
-3.139576,1,1660.287118
-3.511178,1,1660.823001
-5.157677,3,1662.071081
-4.609875,2,1662.923025
-4.765413,2,1664.112915
-3.87074,1,1664.763416
-3.65153,1,1665.518516
-4.899827,2,1666.560754
-3.368882,1,1667.111851
-5.98175,3,1668.524117
-3.426069,1,1669.062622
-6.745702,4,1671.179154
-3.357309,1,1671.83601
-3.784526,1,1672.421093
-5.589257,3,1673.973476
-3.952409,1,1674.812733
-6.824115,4,1676.848123
-4.704997,2,1677.948604
-8.846587,6,1680.831057
-8.904412,6,1683.838387
-4.95447,2,1684.808396
-4.895044,2,1685.775062
-3.170549,1,1686.321788
-3.53962,1,1686.934569
-5.968723,3,1688.335015
-3.537739,1,1688.899605
-3.447202,1,1689.461115
-8.988144,6,1692.378884
-3.312127,1,1692.932819
-5.902832,3,1694.56795
-4.693816,2,1695.452857
-3.593279,1,1696.005594
-3.527203,1,1696.647514
-4.672827,2,1697.720954
-3.57455,1,1698.281877
-5.68538,3,1699.583544
-4.900868,2,1700.936133
-3.696037,1,1701.649881
-3.466756,1,1702.17087
-7.814438,5,1704.29982
-3.534476,1,1705.036116
-4.655947,2,1706.255552
-3.868775,1,1707.058206
-3.508848,1,1707.597923
-3.705172,1,1708.148395
-4.822835,2,1709.139617
-4.820063,2,1710.318156
-6.427351,4,1712.507073
-5.658043,3,1713.952379
-3.428989,1,1714.516091
-3.444097,1,1715.052761
-3.378561,1,1715.595884
-4.826274,2,1716.778994
-3.891885,1,1717.519258
-7.584857,5,1719.852563
-5.9206,3,1721.376039
-4.820465,2,1722.75367
-4.823106,2,1723.883797
-3.20264,1,1724.480213
-3.242843,1,1725.018532
-5.48026,3,1726.546022
-5.675257,3,1728.089612
-3.962482,1,1728.847011
-4.90324,2,1729.833543
-3.573672,1,1730.456062
-5.910855,3,1732.000938
-5.596069,3,1733.250011
-5.904216,3,1734.944658
-4.914566,2,1735.855835
-3.506438,1,1736.392077
-3.904794,1,1737.062067
-3.584412,1,1737.592825
-6.898483,4,1739.7129
-4.808299,2,1740.822459
-3.73504,1,1741.380342
-4.683552,2,1742.487988
-3.73978,1,1743.0727
-3.498977,1,1743.646148
-3.357415,1,1744.298149
-3.551299,1,1744.849785
-3.731576,1,1745.393069
-3.418406,1,1745.952264
-3.665039,1,1746.511917
-6.495309,4,1748.587214
-3.425086,1,1749.336841
-3.756498,1,1749.876064
-3.663685,1,1750.419178
-3.77228,1,1750.958445
-4.870078,2,1752.172826
-8.803408,6,1754.972601
-4.861839,2,1756.279096
-5.999001,3,1757.820963
-3.933971,1,1758.584149
-3.619126,1,1759.138116
-3.332099,1,1759.688919
-3.36264,1,1760.261233
-4.955793,2,1761.202791
-3.470957,1,1761.750824
-3.518415,1,1762.302128
-7.899492,5,1764.700113
-6.917969,4,1766.597022
-4.738821,2,1767.430025
-4.726361,2,1768.497632
-4.505475,2,1769.452881
-3.561029,1,1770.013505
-6.909356,4,1772.076012
-3.24665,1,1772.629434
-5.553887,3,1774.020639
-3.474333,1,1774.584607
-5.997973,3,1775.969214
-4.843574,2,1776.995366
-3.34181,1,1777.583227
-3.463509,1,1778.148475
-3.731644,1,1778.965231
-6.977205,4,1781.131498
-5.929535,3,1782.628814
-3.309418,1,1783.164183
-4.956856,2,1784.095016
-7.981267,5,1786.527621
-3.875783,1,1787.220624
-3.294621,1,1787.758579
-9.882211,7,1791.194049
-3.739136,1,1791.749013
-3.580092,1,1792.284918
-4.873921,2,1793.460902
-3.788964,1,1794.130555
-3.384181,1,1794.659162
-4.793274,2,1795.898475
-3.960318,1,1796.720955
-7.535396,5,1799.067846
-4.740626,2,1800.176775
-3.348059,1,1800.738364
-3.600421,1,1801.518262
-5.214216,3,1803.163549
-3.601135,1,1803.687358
-3.292574,1,1804.243857
-3.513341,1,1804.835219
-3.697755,1,1805.407397
-3.327318,1,1805.985216
-3.609563,1,1806.553897
-3.815355,1,1807.405045
-3.532146,1,1807.972665
-3.542876,1,1808.522254
-3.485484,1,1809.067619
-3.500782,1,1809.591261
-5.52989,3,1810.822379
-3.683048,1,1811.426402
-5.333546,3,1812.923091
-3.478668,1,1813.45592
-5.878126,3,1815.00085
-2.98893,1,1815.561025
-4.643837,2,1816.704975
-5.964278,3,1818.342788
-3.823927,1,1818.914025
-3.848413,1,1819.625418
-3.582198,1,1820.180605
-3.866945,1,1820.818815
-4.853414,2,1821.862064
-3.773951,1,1822.665953
-5.272751,3,1824.147578
-4.230587,2,1825.19697
-4.85582,2,1826.165531
-5.796462,3,1827.557085
-3.768133,1,1828.258692
-4.864767,2,1829.50766
-6.983185,4,1831.244063
-3.810614,1,1831.852244
-5.865877,3,1833.435164
-3.659747,1,1833.980638
-3.71389,1,1834.585089
-3.293917,1,1835.290984
-4.712367,2,1836.324385
-4.578631,2,1837.220561
-3.392776,1,1837.775406
-3.534317,1,1838.344911
-4.737283,2,1839.360898
-3.512185,1,1840.107051
-4.997783,2,1841.397583
-3.271868,1,1841.961333
-3.663685,1,1842.505177
-3.537641,1,1843.179657
-3.154461,1,1843.750515
-3.424592,1,1844.310556
-3.543108,1,1844.858308
-3.842488,1,1845.445227
-3.40783,1,1845.982284
-6.940727,4,1847.780174
-4.757801,2,1849.077314
-4.693842,2,1850.136687
-4.912535,2,1850.99521
-4.896372,2,1852.061064
-3.193162,1,1852.697243
-3.833163,2,1853.639184
-3.818317,1,1854.327539
-3.669289,1,1854.850752
-3.814296,1,1855.480659
-3.58087,1,1856.032402
-3.534491,1,1856.717961
-3.709791,1,1857.256462
-3.300356,1,1857.803789
-4.96773,2,1858.6646
-3.395377,1,1859.206382
-5.812329,3,1860.788253
-3.143461,1,1861.350566
-7.28101,5,1863.555557
-3.066656,1,1864.106931
-3.680538,1,1864.723835
-3.517081,1,1865.287191
-3.561256,1,1865.974239
-3.354036,1,1866.501597
-5.779462,3,1867.821135
-5.8326,3,1869.417437
-3.78601,1,1870.15559
-6.005727,3,1871.72178
-3.413706,1,1872.259564
-4.537184,2,1873.216785
-5.720181,3,1874.706903
-6.638358,4,1877.063537
-3.439891,1,1877.743665
-4.896574,2,1879.03613
-4.660667,2,1880.283641
-3.234363,1,1880.827637
-4.714098,2,1881.742908
-4.883241,2,1882.901614
-3.40893,1,1883.430111
-3.730188,1,1883.999854
-5.748609,3,1885.412125
-3.897556,1,1886.2439
-3.372675,1,1886.775729
-3.463729,1,1887.338158
-11.714545,9,1891.409411
-3.809802,1,1892.09834
-3.70837,1,1892.627523
-3.617444,1,1893.153445
-4.920667,2,1894.222624
-3.581494,1,1894.778672
-3.642128,1,1895.33582
-3.651326,1,1895.891743
-3.646461,1,1896.650532
-3.851764,1,1897.279902
-3.403556,1,1897.810165
-3.153312,1,1898.436482
-3.313846,1,1898.969087
-4.95379,2,1900.214989
-3.57744,1,1900.775465
-3.271695,1,1901.325547
-3.677223,1,1901.883972
-4.916718,2,1902.923139
-3.460115,1,1903.487804
-3.750006,1,1904.01877
-4.932486,2,1905.299843
-3.483079,1,1906.012862
-3.460952,1,1906.554848
-3.605356,1,1907.138472
-3.321181,1,1907.661421
-5.818885,3,1909.668359
-4.695841,2,1910.94974
-3.678772,1,1911.493747
-3.105053,1,1912.066345
-3.177991,1,1912.615673
-4.5263,2,1913.561193
-15.584754,13,1920.648793
-3.611796,1,1921.184675
-4.910791,2,1922.415409
-4.707806,2,1923.326014
-6.978745,4,1925.092459
-3.316943,1,1925.632391
-5.814878,3,1927.069191
-3.544533,1,1927.612797
-3.637095,1,1928.1624
-5.747691,3,1929.813031
-5.672113,3,1931.239406
-3.46226,1,1931.799342
-3.116722,1,1932.356897
-3.662541,1,1932.904243
-3.523165,1,1933.471112
-4.867483,2,1934.496395
-3.730186,1,1935.031404
-5.391118,3,1937.263868
-3.487013,1,1937.801264
-6.795356,4,1939.954444
-6.87544,4,1941.906058
-4.920556,2,1942.789171
-4.998213,2,1943.77297
-3.817915,1,1944.34501
-3.267576,1,1945.012138
-6.554953,4,1946.675641
-4.863602,2,1947.726858
-5.375376,3,1949.23145
-5.965905,3,1950.778067
-5.000474,2,1951.824633
-3.125543,1,1952.383563
-3.540914,1,1952.939511
-5.793075,3,1954.487907
-3.452321,1,1955.098474
-3.662239,1,1955.613272
-4.818763,2,1956.736702
-3.15261,1,1957.276666
-4.819536,2,1958.13558
-3.833658,1,1958.838845
-4.939874,2,1959.957576
-6.969272,4,1962.018415
-3.795445,1,1962.788167
-3.951821,1,1963.551026
-3.349713,1,1964.089895
-3.484148,1,1964.678691
-4.406726,2,1965.629805
-4.863324,2,1966.605461
-4.708079,2,1967.762686
-5.953615,3,1969.076594
-7.784456,5,1971.242387
-3.449293,1,1971.771878
-8.54332,6,1974.970913
-3.465037,1,1975.522607
-3.578313,1,1976.061983
-4.877531,2,1977.140673
-3.491411,1,1977.703134
-3.696073,1,1978.237469
-4.562045,2,1979.306331
-4.949804,2,1980.592369
-3.126455,1,1981.143261
-3.184001,1,1981.71051
-3.273812,1,1982.233749
-4.825959,2,1983.41802
-4.921598,2,1984.38919
-3.72661,1,1985.028875
-3.797441,1,1985.659875
-4.926648,2,1987.134381
-3.384749,1,1987.69083
-3.178843,1,1988.232424
-4.985521,2,1989.248215
-6.991367,4,1991.433991
-3.394356,1,1991.965735
-4.353742,2,1993.061917
-3.769968,1,1993.603594
-4.857074,2,1994.613142
-4.907525,2,1995.716166
-7.85516,5,1997.952872
-3.829744,1,1998.605989
-5.953395,3,1999.987211
-5.730331,3,2001.541147
-4.7758,2,2002.585492
-10.786545,8,2006.621813
-5.881741,3,2008.203587
-4.619953,2,2009.155915
-4.809229,2,2010.257603
-3.661128,1,2010.819882
-3.733506,1,2011.360449
-3.953376,1,2012.09129
-4.847837,2,2012.992824
-3.751485,1,2013.548429
-3.817433,1,2014.261498
-3.627107,1,2014.899717
-3.582935,1,2015.420506
-5.976585,3,2016.780804
-4.819878,2,2017.879353
-4.907278,2,2019.118675
-3.758452,1,2019.700717
-3.661594,1,2020.276599
-3.868302,1,2021.173919
-3.271622,1,2021.729853
-3.393262,1,2022.259035
-3.899694,1,2022.988378
-4.745205,2,2024.079588
-3.558184,1,2024.661146
-3.198033,1,2025.237633
-3.722586,1,2025.780963
-3.716002,1,2026.327046
-3.586492,1,2026.875108
-4.825257,2,2027.768317
-3.474204,1,2028.316779
-6.978311,4,2030.272183
-3.749163,1,2030.813236
-7.980556,5,2033.575233
-3.603325,1,2034.107574
-6.43736,4,2036.024596
-3.66958,1,2036.54848
-3.917165,1,2037.185035
-7.867879,5,2040.461803
-3.541535,1,2041.04097
-7.760752,5,2043.412462
-5.320003,3,2044.87267
-5.899747,3,2046.203801
-5.865286,3,2047.550632
-5.634424,3,2049.069482
-3.450602,1,2049.617841
-3.877452,1,2050.28663
-5.944629,3,2051.805402
-4.764336,2,2053.068946
-3.45799,1,2053.613613
-4.957765,2,2054.692202
-4.994958,2,2055.646513
-5.604443,3,2057.162927
-3.491795,1,2057.719434
-6.679019,4,2059.524092
-5.925231,3,2060.901633
-5.984151,3,2062.277525
-3.252618,1,2062.85038
-6.761041,4,2064.903259
-3.620754,1,2065.441136
-2.918297,1,2066.039296
-3.874245,1,2066.684593
-3.600426,1,2067.275876
-3.299919,1,2067.926849
-3.498528,1,2068.505928
-4.949436,2,2069.748053
-3.598015,1,2070.538673
-5.730652,3,2071.872101
-3.71576,1,2072.631412
-3.515157,1,2073.168053
-3.647221,1,2073.800232
-3.155919,1,2074.351044
-3.245676,1,2074.910299
-7.93577,5,2077.813929
-4.861477,2,2078.955913
-3.549505,1,2079.503363
-3.890657,1,2080.24802
-3.31008,1,2080.79829
-3.945104,1,2081.533944
-4.914396,2,2082.758899
-3.127706,1,2083.310559
-4.81984,2,2084.397103
-3.917365,1,2085.09529
-3.511049,1,2085.640544
-11.922572,9,2090.423401
-3.779648,1,2091.037389
-3.759779,1,2091.682748
-3.535459,1,2092.253016
-8.880306,6,2095.553702
-4.553733,2,2096.389135
-3.827122,1,2097.083847
-3.482932,1,2097.621008
-4.834335,2,2098.841857
-4.824174,2,2099.795617
-5.754687,3,2100.906593
-3.570518,1,2101.429708
-3.233944,1,2101.981205
-3.366607,1,2102.526082
-3.519686,1,2103.056633
-3.382066,1,2103.673553
-5.672479,3,2104.968091
-5.962437,3,2106.371358
-3.594047,1,2106.92458
-4.938068,2,2107.938839
-3.806537,1,2108.513587
-3.811526,1,2109.102962
-3.631674,1,2109.639005
-3.077914,1,2110.386621
-3.37942,1,2110.974464
-3.747953,1,2111.515166
-3.404031,1,2112.173948
-4.846168,2,2113.271622
-8.730565,6,2116.591052
-3.94433,1,2117.323272
-3.802986,1,2117.916111
-3.731168,1,2118.441678
-3.720891,1,2118.9699
-3.715667,1,2119.495866
-3.666544,1,2120.032798
-3.794281,1,2120.745239
-5.889699,3,2122.147334
-5.961694,3,2124.007515
-5.661596,3,2125.575302
-4.881501,2,2126.817798
-6.960968,4,2129.155904
-3.559644,1,2129.701067
-5.907041,3,2131.152764
-5.877889,3,2132.472102
-3.774334,1,2132.992985
-3.210766,1,2133.554475
-4.991841,2,2134.549046
-3.602472,1,2135.088462
-4.790753,2,2136.057568
-3.616942,1,2136.587312
-3.65914,1,2137.203695
-4.81566,2,2138.042936
-5.830472,3,2139.555271
-3.240165,1,2140.107749
-3.904476,1,2140.836275
-3.815419,1,2141.465491
-3.770431,1,2142.241376
-3.699567,1,2142.774444
-3.230808,1,2143.31296
-4.867222,2,2144.182154
-6.426104,4,2146.036904
-3.962405,1,2146.750391
-4.910363,2,2147.739797
-3.646783,1,2148.279858
-3.691358,1,2149.094926
-4.949225,2,2150.253292
-3.859597,1,2150.948785
-5.881007,3,2152.602206
-3.533103,1,2153.144093
-3.675828,1,2153.671426
-3.602966,1,2154.207756
-4.950603,2,2155.257529
-3.727206,1,2155.851085
-3.549754,1,2156.399248
-3.670051,1,2156.936449
-7.972769,5,2159.266088
-4.584768,2,2160.284169
-3.517022,1,2160.915424
-4.854537,2,2162.215812
-3.308718,1,2162.765028
-3.622645,1,2163.313555
-3.569233,1,2163.865525
-3.495567,1,2164.494506
-3.717359,1,2165.091388
-5.926458,3,2166.502092
-3.734608,1,2167.032916
-3.473518,1,2167.580173
-4.721695,2,2168.613497
-3.722777,1,2169.146717
-3.431,1,2169.756344
-3.939416,1,2170.601815
-5.773492,3,2172.165141
-3.317559,1,2172.707849
-3.395229,1,2173.248994
-3.93519,1,2173.945035
-3.556488,1,2174.493296
-7.858931,5,2177.152302
-5.958097,3,2178.679552
-3.550508,1,2179.251938
-3.473052,1,2179.812744
-3.524917,1,2180.679929
-5.837241,3,2182.155499
-5.749779,3,2183.70826
-3.465687,1,2184.239376
-3.732118,1,2184.776162
-4.723968,2,2185.904315
-3.495592,1,2186.451679
-3.689824,1,2186.999833
-5.994482,3,2188.35519
-3.037641,1,2188.991907
-3.54222,1,2189.561545
-3.40682,1,2190.158557
-4.824358,2,2191.017776
-3.33868,1,2191.568461
-3.428063,1,2192.1272
-4.794529,2,2192.95994
-4.961947,2,2194.1513
-3.566488,1,2194.713995
-4.921681,2,2195.868945
-4.901095,2,2196.744763
-4.825134,2,2197.898803
-3.495726,1,2198.597218
-4.860621,2,2199.542887
-5.649831,3,2201.222618
-7.8437,5,2203.537718
-3.688393,1,2204.070605
-3.623435,1,2204.601687
-3.44122,1,2205.148584
-3.194264,1,2205.71063
-4.667928,2,2206.804193
-3.334791,1,2207.35814
-6.921728,4,2209.324527
-4.654822,2,2210.153327
-3.699346,1,2210.688372
-3.754572,1,2211.25672
-3.548691,1,2211.798413
-3.788233,1,2212.592659
-10.891041,8,2216.315661
-3.641661,1,2216.845982
-4.964508,2,2217.843159
-3.446875,1,2218.380665
-4.726563,2,2219.486788
-3.5906,1,2220.034054
-6.672641,4,2221.590707
-3.166567,1,2222.229981
-4.48005,2,2223.188598
-3.407323,1,2223.718545
-5.550386,3,2225.121135
-3.548604,1,2225.663289
-3.474032,1,2226.205593
-5.821181,3,2227.755468
-5.772594,3,2229.16706
-5.429254,3,2230.501946
-5.881492,3,2231.938887
-3.789635,1,2232.51143
-3.429423,1,2233.058175
-3.449289,1,2233.615275
-3.493749,1,2234.266299
-5.824665,3,2235.787627
-4.927117,2,2236.74625
-3.637653,1,2237.466684
-3.555707,1,2238.008662
-3.906454,1,2238.720372
-3.093865,1,2239.274122
-5.91958,3,2241.26788
-3.663265,1,2241.795493
-3.782784,1,2242.586275
-3.539466,1,2243.131358
-3.555732,1,2243.67012
-4.742234,2,2244.860753
-3.506011,1,2245.401751
-9.905208,7,2249.186219
-5.745272,3,2250.672433
-4.763802,2,2251.741493
-2.851641,1,2252.331367
-3.970176,1,2253.21189
-3.64953,1,2253.821382
-3.514417,1,2254.345721
-4.894678,2,2255.145969
-4.930009,2,2256.348007
-6.862871,4,2258.057458
-3.533324,1,2258.598319
-3.478314,1,2259.136373
-3.501594,1,2259.716326
-5.776916,3,2261.15859
-3.83902,1,2261.908777
-3.282212,1,2262.470187
-6.637522,4,2264.781438
-3.385146,1,2265.333438
-3.173035,1,2265.900937
-3.488964,1,2266.427482
-3.758623,1,2267.004148
-3.778472,1,2267.593788
-3.756579,1,2268.163755
-3.47421,1,2268.693733
-4.868783,2,2269.996537
-3.446751,1,2270.560387
-3.435489,1,2271.10522
-3.620192,1,2271.634385
-4.872199,2,2272.820418
-3.437393,1,2273.368216
-11.583764,9,2277.513453
-3.335256,1,2278.036256
-3.233137,1,2278.583627
-3.581338,1,2279.181694
-4.763156,2,2280.206041
-3.27939,1,2280.789701
-3.489139,1,2281.334959
-5.697225,3,2282.548609
-4.706499,2,2283.459976
-3.726791,1,2284.107296
-4.859837,2,2285.071493
-3.835998,1,2285.790973
-3.953936,1,2286.635995
-4.932219,2,2287.806857
-3.601893,1,2288.344716
-5.975089,3,2289.783646
-7.89936,5,2292.466684
-4.903277,2,2293.650643
-3.096934,1,2294.187638
-4.953422,2,2295.111507
-3.546085,1,2295.682565
-6.981076,4,2297.892042
-3.52382,1,2298.467229
-8.759139,6,2301.722846
