-4.9942249656571365;1;1
0;2;0
-3.7529141872223395;3;0
0;4;0
-4.245381115401222;5;1
0;6;0
-3.121557620076679;7;0
0;8;0
-3.4736562779250097;9;0
0;10;0
-3.6107540655292576;11;0
0;12;0
-3.554388117909709;13;0
0;14;0
-3.1590063510460276;15;0
0;16;0
-6.791175305804318;17;3
0;18;0
-4.930230805381678;19;1
0;20;0
-3.4828758716359873;21;0
0;22;0
-3.5588663247800305;23;0
0;24;0
-3.494765417577427;25;0
0;26;0
-3.4269552660068325;27;0
0;28;0
-3.530813927988373;29;0
0;30;0
-3.5891634835081883;31;0
0;32;0
-4.796884968132254;33;1
0;34;0
-3.815224982099152;35;0
0;36;0
-4.17460114644805;37;1
0;38;0
-3.401851369263871;39;0
0;40;0
-8.796009475308688;41;5
0;42;0
-3.604609382550654;43;0
0;44;0
-3.4297993191444975;45;0
0;46;0
-6.937269965945379;47;3
0;48;0
-4.93078077948357;49;1
0;50;0
-3.7284628833737825;51;0
0;52;0
-4.952056607611784;53;1
0;54;0
-3.5999717945578085;55;0
0;56;0
-6.949739233828971;57;3
0;58;0
-4.6854938717872185;59;1
0;60;0
-3.681812663176334;61;0
0;62;0
-3.662030237178447;63;0
0;64;0
-3.747503626189973;65;0
0;66;0
-3.502431365932073;67;0
0;68;0
-11.64866666823951;69;8
0;70;0
-3.2564972710853723;71;0
0;72;0
-5.871879716684189;73;2
0;74;0
-5.7588038488843845;75;2
0;76;0
-3.5905138543476562;77;0
0;78;0
-3.6452578942293683;79;0
0;80;0
-3.6685998076382544;81;0
0;82;0
-3.707399941694592;83;0
0;84;0
-5.914412004878267;85;2
0;86;0
-3.8575356253816966;87;0
0;88;0
-7.733295926760622;89;4
0;90;0
-3.624540251995654;91;0
0;92;0
-3.542704791426975;93;0
0;94;0
-3.8056557721019297;95;0
0;96;0
-3.540711917755849;97;0
0;98;0
-4.905861344861102;99;1
0;100;0
-3.460580765408049;101;0
0;102;0
-4.74785956173793;103;1
0;104;0
-2.887032952066755;105;0
0;106;0
-4.631904297496819;107;1
0;108;0
-5.9996155939477696;109;2
0;110;0
-5.712301931609443;111;2
0;112;0
-3.051283958424961;113;0
0;114;0
-5.8474183972200695;115;2
0;116;0
-3.5676076123695237;117;0
0;118;0
-3.6769314334021974;119;0
0;120;0
-5.71486559941224;121;2
0;122;0
-3.717249141777794;123;0
0;124;0
-3.4418373120614394;125;0
0;126;0
-3.485265947032136;127;0
0;128;0
-3.1818887976995907;129;0
0;130;0
-4.682314498452078;131;1
0;132;0
-5.946439255163904;133;2
0;134;0
-12.508646284507236;135;9
0;136;0
-5.95252757819741;137;2
0;138;0
-6.892476067059556;139;3
0;140;0
-5.89572191908759;141;2
0;142;0
-3.5864856602065416;143;0
0;144;0
-4.974059172016376;145;1
0;146;0
-4.882982292717677;147;1
0;148;0
-3.747149307752439;149;0
0;150;0
-4.806957722917386;151;1
0;152;0
-5.93210298626955;153;2
0;154;0
-6.931140959536656;155;3
0;156;0
-8.967286044803732;157;5
0;158;0
-3.5831634792267018;159;0
0;160;0
-3.558083689697277;161;0
0;162;0
-7.862020826929184;163;4
0;164;0
-3.2366197860341006;165;0
0;166;0
-3.7773742515599302;167;0
0;168;0
-5.942226383320664;169;2
0;170;0
-3.3586893791477195;171;0
0;172;0
-5.952753889403072;173;2
0;174;0
-5.828558774677647;175;2
0;176;0
-4.7542679310733345;177;1
0;178;0
-3.5141330982905803;179;0
0;180;0
-3.1619298621222196;181;0
0;182;0
-4.701530862411361;183;1
0;184;0
-4.798704633649109;185;1
0;186;0
-3.6011699281168315;187;0
0;188;0
-5.830244700101542;189;2
0;190;0
-3.61735004842016;191;0
0;192;0
-4.955288817313209;193;1
0;194;0
-4.993706334379914;195;1
0;196;0
-3.3597885446062863;197;0
0;198;0
-3.7261528122149743;199;0
0;200;0
-3.7282107166523986;201;0
0;202;0
-4.887682589757215;203;1
0;204;0
-3.5844334210530784;205;0
0;206;0
-5.653032961115434;207;2
0;208;0
-3.6048382097686633;209;0
0;210;0
-3.23447810491889;211;0
0;212;0
-4.864511052065777;213;1
0;214;0
-3.700603936230867;215;0
0;216;0
-3.6738551163409623;217;0
0;218;0
-4.978769813156336;219;1
0;220;0
-3.441933004047506;221;0
0;222;0
-10.801175666140509;223;7
0;224;0
-3.7952266032227784;225;0
0;226;0
-3.503332849393479;227;0
0;228;0
-5.928567173208506;229;2
0;230;0
-6.6045354892079295;231;3
0;232;0
-3.687416278571538;233;0
0;234;0
-5.972626489378772;235;2
0;236;0
-3.7525109703364654;237;0
0;238;0
-3.4492297901591384;239;0
0;240;0
-4.88967314788167;241;1
0;242;0
-3.5509008132426056;243;0
0;244;0
-5.802162406563218;245;2
0;246;0
-3.261265747976444;247;0
0;248;0
-3.1944174007352903;249;0
0;250;0
-3.0740910709782616;251;0
0;252;0
-5.663573981278199;253;2
0;254;0
-4.329463130314359;255;1
0;256;0
-3.7539324211822116;257;0
0;258;0
-3.2602706819061664;259;0
0;260;0
-4.85218386328277;261;1
0;262;0
-3.6136638777154064;263;0
0;264;0
-3.7188120989030464;265;0
0;266;0
-4.932174717784632;267;1
0;268;0
-3.238595597918194;269;0
0;270;0
-9.003575457107875;271;5
0;272;0
-3.4643509648013104;273;0
0;274;0
-9.01449853757446;275;5
0;276;0
-5.667705760376517;277;2
0;278;0
-3.742240991173283;279;0
0;280;0
-5.94540037635842;281;2
0;282;0
-7.623031635595204;283;4
0;284;0
-3.2752732819073813;285;0
0;286;0
-3.564711626453674;287;0
0;288;0
-7.820164581350609;289;4
0;290;0
-4.83149764939301;291;1
0;292;0
-4.879015105760664;293;1
0;294;0
-6.798303912589089;295;3
0;296;0
-8.946312942616178;297;5
0;298;0
-3.9589788582165553;299;0
0;300;0
-10.941790854893291;301;7
0;302;0
-6.493904101290554;303;3
0;304;0
-5.655052887049254;305;2
0;306;0
-3.423603485218073;307;0
0;308;0
-3.6469611151182484;309;0
0;310;0
-5.8100606715732095;311;2
0;312;0
-3.4619611156401433;313;0
0;314;0
-4.89149259163645;315;1
0;316;0
-4.510763196241008;317;1
0;318;0
-5.979958314003061;319;2
0;320;0
-3.1370320547211494;321;0
0;322;0
-3.1791637830670005;323;0
0;324;0
-3.4057924344658135;325;0
0;326;0
-4.414235732588664;327;1
0;328;0
-6.784531126047022;329;3
0;330;0
-4.648272782386922;331;1
0;332;0
-9.300021037824198;333;6
0;334;0
-5.903454385617711;335;2
0;336;0
-3.6714300112808553;337;0
0;338;0
-9.97770071767707;339;6
0;340;0
-3.5031008317073313;341;0
0;342;0
-3.168356617018391;343;0
0;344;0
-3.672019103040637;345;0
0;346;0
-3.476592081811795;347;0
0;348;0
-3.532704091336476;349;0
0;350;0
-3.8259941040671137;351;0
0;352;0
-3.6312796934667633;353;0
0;354;0
-3.3008485164918344;355;0
0;356;0
-8.518335822623431;357;5
0;358;0
-4.833463058532151;359;1
0;360;0
-7.979550773145279;361;4
0;362;0
-3.8181389620437605;363;0
0;364;0
-4.691306600631713;365;1
0;366;0
-9.960325015232716;367;6
0;368;0
-3.4855706184035133;369;0
0;370;0
-4.879761116707557;371;1
0;372;0
-8.722991399239062;373;5
0;374;0
-16.921178801012662;375;13
0;376;0
-9.88130355572153;377;6
0;378;0
-5.002728605507942;379;1
0;380;0
-3.6108556791511304;381;0
0;382;0
-5.800652480222696;383;2
0;384;0
-4.782465166664405;385;1
0;386;0
-3.502478280789748;387;0
0;388;0
-3.805607568423889;389;0
0;390;0
-3.8098437436983765;391;0
0;392;0
-3.439348563441234;393;0
0;394;0
-3.5929047616114533;395;0
0;396;0
-5.780046850438267;397;2
0;398;0
-4.791761054737901;399;1
0;400;0
-7.741030089661874;401;4
0;402;0
-7.711208268104119;403;4
0;404;0
-6.3796998131717295;405;3
0;406;0
-3.4074170986744186;407;0
0;408;0
-4.846759134845296;409;1
0;410;0
-3.666382041327185;411;0
0;412;0
-3.765348558235495;413;0
0;414;0
-3.3960690085066583;415;0
0;416;0
-3.7312074335777683;417;0
0;418;0
-3.7752434708954317;419;0
0;420;0
-3.3886592739608634;421;0
0;422;0
-3.81142632963281;423;0
0;424;0
-6.758457799742043;425;3
0;426;0
-3.698132561877374;427;0
0;428;0
-7.385099309793006;429;4
0;430;0
-3.554873677711444;431;0
0;432;0
-4.886691985917887;433;1
0;434;0
-7.426856830808516;435;4
0;436;0
-5.92526106773831;437;2
0;438;0
-4.933991831952309;439;1
0;440;0
-3.276124487354041;441;0
0;442;0
-3.559723231701086;443;0
0;444;0
-7.727607812084499;445;4
0;446;0
-3.490474873649479;447;0
0;448;0
-4.806796465077167;449;1
0;450;0
-4.664997299307991;451;1
0;452;0
-4.91995847547817;453;1
0;454;0
-3.8170930079293255;455;0
0;456;0
-3.436616438951521;457;0
0;458;0
-3.5336791823578624;459;0
0;460;0
-4.885596603937369;461;1
0;462;0
-3.6593450692443112;463;0
0;464;0
-4.7612595634976875;465;1
0;466;0
-4.600108519771998;467;1
0;468;0
-3.5544008615918092;469;0
0;470;0
-3.5962592491213847;471;0
0;472;0
-3.519722270893173;473;0
0;474;0
-5.894943424132569;475;2
0;476;0
-6.331801738134256;477;3
0;478;0
-4.877363598714506;479;1
0;480;0
-3.8078093101837727;481;0
0;482;0
-3.682496470953007;483;0
0;484;0
-3.7017192620194033;485;0
0;486;0
-3.575159802408776;487;0
0;488;0
-3.461121614911741;489;0
0;490;0
-3.479903285377465;491;0
0;492;0
-8.794682281749767;493;5
0;494;0
-4.911647328422666;495;1
0;496;0
-4.970367482710002;497;1
0;498;0
-16.78405072862647;499;13
0;500;0
-3.797646087823746;501;0
0;502;0
-3.3014229510215665;503;0
0;504;0
-3.441094951835224;505;0
0;506;0
-4.427601601420465;507;1
0;508;0
-3.099994849115922;509;0
0;510;0
-3.6782151494237607;511;0
0;512;0
-4.86756109303928;513;1
0;514;0
-3.191337792944051;515;0
0;516;0
-3.89896781256543;517;0
0;518;0
-3.6409819560347536;519;0
0;520;0
-3.4703525899587087;521;0
0;522;0
-3.915968527011092;523;0
0;524;0
-13.288190726742283;525;10
0;526;0
-3.6365489878091948;527;0
0;528;0
-4.887380228445233;529;1
0;530;0
-13.6076565088604;531;10
0;532;0
-4.807771690999642;533;1
0;534;0
-3.5144698688667124;535;0
0;536;0
-3.9263799134482333;537;0
0;538;0
-6.701500849576684;539;3
0;540;0
-3.7841630344772876;541;0
0;542;0
-3.3892207398414063;543;0
0;544;0
-3.7658554912629563;545;0
0;546;0
-3.794771622855904;547;0
0;548;0
-4.994725440602244;549;1
0;550;0
-3.715159021278274;551;0
0;552;0
-5.828884104264148;553;2
0;554;0
-3.6298535867079504;555;0
0;556;0
-3.9937039211793657;557;1
0;558;0
-3.528398805383591;559;0
0;560;0
-3.807979562519639;561;0
0;562;0
-3.010357182859215;563;0
0;564;0
-12.900543454391077;565;9
0;566;0
-3.3737140922985307;567;0
0;568;0
-4.669750949432357;569;1
0;570;0
-6.485464488733746;571;3
0;572;0
-3.5085433336625624;573;0
0;574;0
-3.464592968392778;575;0
0;576;0
-5.973616527712172;577;2
0;578;0
-4.8543097832053475;579;1
0;580;0
-3.912930781263107;581;0
0;582;0
-4.820356232100707;583;1
0;584;0
-4.810655716024379;585;1
0;586;0
-3.0314904988709657;587;0
0;588;0
-3.395178729441413;589;0
0;590;0
-3.590521412259417;591;0
0;592;0
-3.443967048791345;593;0
0;594;0
-4.992345384358256;595;1
0;596;0
-4.948302665993229;597;1
0;598;0
-3.7370519614541293;599;0
0;600;0
-3.526041733038914;601;0
0;602;0
-3.6605474504651987;603;0
0;604;0
-3.9012765627980253;605;0
0;606;0
-3.5564796212000314;607;0
0;608;0
-3.737425777835948;609;0
0;610;0
-6.639127158697775;611;3
0;612;0
-4.862634614500354;613;1
0;614;0
-4.812050905772929;615;1
0;616;0
-6.614176421079579;617;3
0;618;0
-4.85943202562823;619;1
0;620;0
-5.785075591796598;621;2
0;622;0
-3.5515313384422402;623;0
0;624;0
-4.556581255290237;625;1
0;626;0
-3.9417068870951093;627;0
0;628;0
-6.787161050463364;629;3
0;630;0
-3.3288980908448504;631;0
0;632;0
-3.9014265480209875;633;0
0;634;0
-5.729872717187057;635;2
0;636;0
-5.001065245376196;637;1
0;638;0
-3.5372544378293327;639;0
0;640;0
-3.7523264570001644;641;0
0;642;0
-5.702217520920682;643;2
0;644;0
-3.2893379091143866;645;0
0;646;0
-4.748339317514535;647;1
0;648;0
-3.7198564792687723;649;0
0;650;0
-8.885883893485568;651;5
0;652;0
-3.711077804526909;653;0
0;654;0
-3.6296408975195655;655;0
0;656;0
-4.763730818416552;657;1
0;658;0
-3.3615988157745087;659;0
0;660;0
-3.670556566862905;661;0
0;662;0
-3.9442180727749028;663;0
0;664;0
-3.664536871780345;665;0
0;666;0
-7.560644873403277;667;4
0;668;0
-3.5713651773880177;669;0
0;670;0
-3.5046976748902936;671;0
0;672;0
-5.99749772909243;673;2
0;674;0
-3.9664365086431737;675;0
0;676;0
-3.4527366022255475;677;0
0;678;0
-3.731596175560841;679;0
0;680;0
-4.944877085383304;681;1
0;682;0
-4.895688717477563;683;1
0;684;0
-3.6673983373435557;685;0
0;686;0
-9.951137230150955;687;6
0;688;0
-5.60981278590254;689;2
0;690;0
-6.7063213733408755;691;3
0;692;0
-3.7398991327227313;693;0
0;694;0
-3.190628443749585;695;0
0;696;0
-4.653422846859758;697;1
0;698;0
-3.480686733981451;699;0
0;700;0
-4.9857700541071726;701;1
0;702;0
-3.6666942682562693;703;0
0;704;0
-3.7701666094842934;705;0
0;706;0
-4.7737864588638965;707;1
0;708;0
-3.8615172876997823;709;1
0;710;0
-5.9896038241924074;711;2
0;712;0
-4.702727323606689;713;1
0;714;0
-3.933068164476896;715;0
0;716;0
-3.293333497875768;717;0
0;718;0
-3.5791564035739656;719;0
0;720;0
-3.7441735615427216;721;0
0;722;0
-3.612828512466044;723;0
0;724;0
-3.1588801238891486;725;0
0;726;0
-3.943411454464595;727;0
0;728;0
-3.7234915920240668;729;0
0;730;0
-7.964393390559027;731;4
0;732;0
-3.4203417433011323;733;0
0;734;0
-3.793725085337592;735;0
0;736;0
-3.578457321008475;737;0
0;738;0
-3.6709961437428804;739;0
0;740;0
-3.6803473987969384;741;0
0;742;0
-5.578421944596481;743;2
0;744;0
-3.889478132828832;745;0
0;746;0
-4.978813124500125;747;1
0;748;0
-4.865709072671605;749;1
0;750;0
-4.665633086338;751;1
0;752;0
-3.5729453435606153;753;0
0;754;0
-3.845384865683532;755;0
0;756;0
-3.4532681544645922;757;0
0;758;0
-3.5412791070818517;759;0
0;760;0
-3.772027681077158;761;0
0;762;0
-4.793232383387756;763;1
0;764;0
-3.1573614124823335;765;0
0;766;0
-4.991674041594053;767;1
0;768;0
-3.4959308481127183;769;0
0;770;0
-3.945985261425559;771;0
0;772;0
-6.693252495551164;773;3
0;774;0
-8.985194350182319;775;5
0;776;0
-2.979697694382793;777;0
0;778;0
-3.4969125959782854;779;0
0;780;0
-3.104650240929536;781;0
0;782;0
-9.6909680719048;783;6
0;784;0
-4.687908985015575;785;1
0;786;0
-6.61896008451863;787;3
0;788;0
-3.86147668671252;789;0
0;790;0
-3.458796751635983;791;0
0;792;0
-4.919603886392376;793;1
0;794;0
-3.9490686264968344;795;0
0;796;0
-4.946006518133319;797;1
0;798;0
-3.57290269923353;799;0
0;800;0
-5.784648193250813;801;2
0;802;0
-4.524695776513136;803;1
0;804;0
-5.452322917412063;805;2
0;806;0
-3.5672013979707926;807;0
0;808;0
-6.7838820815980005;809;3
0;810;0
-8.951080796266218;811;5
0;812;0
-4.953486240412868;813;1
0;814;0
-3.6841177906281763;815;0
0;816;0
-3.4820252622801244;817;0
0;818;0
-3.5612642594870496;819;0
0;820;0
-4.767978073850215;821;1
0;822;0
-4.987774770457356;823;1
0;824;0
-8.836387428590742;825;5
0;826;0
-3.556161672328277;827;0
0;828;0
-3.1858862528334067;829;0
0;830;0
-4.9510437363674455;831;1
0;832;0
-3.6853113534994137;833;0
0;834;0
-3.200901230399583;835;0
0;836;0
-4.8181191298599275;837;1
0;838;0
-2.9668519376749383;839;0
0;840;0
-3.5804251109780982;841;0
0;842;0
-4.8957144860879165;843;1
0;844;0
-3.5028489134558045;845;0
0;846;0
-4.855333289819016;847;1
0;848;0
-3.495943951101869;849;0
0;850;0
-3.3112078045923705;851;0
0;852;0
-3.860694043835959;853;1
0;854;0
-4.93539355154742;855;1
0;856;0
-3.8732244366162027;857;0
0;858;0
-12.844827742400117;859;9
0;860;0
-3.3757487308153458;861;0
0;862;0
-3.627357011502296;863;0
0;864;0
-4.503615351904958;865;1
0;866;0
-3.7881594044119398;867;0
0;868;0
-3.640465788650987;869;0
0;870;0
-3.4552152234294224;871;0
0;872;0
-3.697369787154893;873;0
0;874;0
-5.927912404111947;875;2
0;876;0
-4.968625453175221;877;1
0;878;0
-3.6594825181165724;879;0
0;880;0
-3.5257948134669315;881;0
0;882;0
-3.6222175476673275;883;0
0;884;0
-3.477438210309244;885;0
0;886;0
-3.5340558813571583;887;0
0;888;0
-3.4257561495299726;889;0
0;890;0
-3.914475367181787;891;0
0;892;0
-4.684057360495455;893;1
0;894;0
-13.558665721473735;895;10
0;896;0
-4.718774778498287;897;1
0;898;0
-3.795883283731519;899;0
0;900;0
-3.821485946398812;901;0
0;902;0
-5.633128433228501;903;2
0;904;0
-3.702989715251733;905;0
0;906;0
-7.631374901233395;907;4
0;908;0
-4.942863647635355;909;1
0;910;0
-4.895382740788773;911;1
0;912;0
-3.1012788075518776;913;0
0;914;0
-6.863146291790543;915;3
0;916;0
-3.6623401344178976;917;0
0;918;0
-4.265684027169695;919;1
0;920;0
-3.7178896946617184;921;0
0;922;0
-3.503884662344171;923;0
0;924;0
-3.8263379273158327;925;0
0;926;0
-3.615480013586178;927;0
0;928;0
-3.421585120397251;929;0
0;930;0
-4.625938587394847;931;1
0;932;0
-9.944569497894065;933;6
0;934;0
-5.897511784757551;935;2
0;936;0
-7.468599944374334;937;4
0;938;0
-3.9446266193461996;939;0
0;940;0
-8.946166106630425;941;6
0;942;0
-3.1156976274528962;943;0
0;944;0
-3.8881655599388507;945;0
0;946;0
-3.5575850620463028;947;0
0;948;0
-5.761938185536064;949;2
0;950;0
-5.989603986406317;951;2
0;952;0
-5.647789855312186;953;2
0;954;0
-5.976530521055143;955;2
0;956;0
-4.850459320229553;957;1
0;958;0
-8.968173400010844;959;5
0;960;0
-3.063437499201176;961;0
0;962;0
-7.914310731566857;963;4
0;964;0
-3.647633650868582;965;0
0;966;0
-8.506365879823727;967;5
0;968;0
-3.580796652591991;969;0
0;970;0
-5.760099876761926;971;2
0;972;0
-3.712652619166832;973;0
0;974;0
-3.39618896544667;975;0
0;976;0
-4.943411927513824;977;1
0;978;0
-3.793437938764521;979;0
0;980;0
-3.5899487942005806;981;0
0;982;0
-4.708273746636182;983;1
0;984;0
-3.7509710328440278;985;0
0;986;0
-3.4202350168262914;987;0
0;988;0
-12.840055582851974;989;9
0;990;0
-3.4374794330747243;991;0
0;992;0
-4.740828561953892;993;1
0;994;0
-3.818570894077771;995;0
0;996;0
-3.656968730163121;997;0
0;998;0
-3.7740824281255487;999;0
0;1000;0
-8.681232370149603;1001;5
0;1002;0
-3.901972302505843;1003;0
0;1004;0
-4.769331774674599;1005;1
0;1006;0
-5.785475849031789;1007;2
0;1008;0
-4.638878618077523;1009;1
0;1010;0
-6.51244803522156;1011;3
0;1012;0
-4.756299028333113;1013;1
0;1014;0
-3.596290364338957;1015;0
0;1016;0
-3.072390149998092;1017;0
0;1018;0
-5.7344219786288795;1019;2
0;1020;0
-6.97661216808549;1021;3
0;1022;0
-3.562660446364174;1023;0
0;1024;0
-3.766647372798773;1025;0
0;1026;0
-4.8858566112347;1027;1
0;1028;0
-3.328157027606986;1029;0
0;1030;0
-4.849061678893449;1031;1
0;1032;0
-4.965553804150347;1033;1
0;1034;0
-3.6709934417311016;1035;0
0;1036;0
-11.85651267874298;1037;8
0;1038;0
-5.948072291717837;1039;2
0;1040;0
-4.662385696139431;1041;1
0;1042;0
-4.814461752923963;1043;1
0;1044;0
-5.987640808667258;1045;2
0;1046;0
-3.3512254196542743;1047;0
0;1048;0
-4.9183648501971104;1049;1
0;1050;0
-3.248310124361737;1051;0
0;1052;0
-3.4442309536160742;1053;0
0;1054;0
-4.730805850357391;1055;1
0;1056;0
-9.611482709775306;1057;6
0;1058;0
-4.970003877250738;1059;1
0;1060;0
-7.866804654878973;1061;4
0;1062;0
-4.538524392277411;1063;1
0;1064;0
-7.963867891453235;1065;4
0;1066;0
-4.978918457161404;1067;1
0;1068;0
-5.555577855881089;1069;2
0;1070;0
-14.799646960029122;1071;11
0;1072;0
-3.5054845434603887;1073;0
0;1074;0
-3.3137764777838097;1075;0
0;1076;0
-3.071273977745214;1077;0
0;1078;0
-3.677651228393098;1079;0
0;1080;0
-4.6919689258036525;1081;1
0;1082;0
-4.937803581936182;1083;1
0;1084;0
-3.7712528161514447;1085;0
0;1086;0
-9.914236163144992;1087;6
0;1088;0
-7.66787005706051;1089;4
0;1090;0
-5.858996271587155;1091;2
0;1092;0
-3.5426636193535828;1093;0
0;1094;0
-3.743781473344121;1095;0
0;1096;0
-3.534428204157318;1097;0
0;1098;0
-3.3728141080616103;1099;0
0;1100;0
-5.9142992755448835;1101;2
0;1102;0
-4.192345195656154;1103;1
0;1104;0
-5.839073140244947;1105;3
0;1106;0
-3.466088707303313;1107;0
0;1108;0
-5.00202050525623;1109;1
0;1110;0
-3.4669270532778107;1111;0
0;1112;0
-3.7046015858029273;1113;0
0;1114;0
-3.7347643610973327;1115;0
0;1116;0
-5.730633983903235;1117;2
0;1118;0
-4.638685078694329;1119;1
0;1120;0
-3.3090207107827903;1121;0
0;1122;0
-4.9547229041559175;1123;1
0;1124;0
-7.969384135397464;1125;4
0;1126;0
-3.472199546608909;1127;0
0;1128;0
-4.943469205488492;1129;1
0;1130;0
-4.86228775082676;1131;1
0;1132;0
-3.8029196116638784;1133;0
0;1134;0
-6.77536060860227;1135;3
0;1136;0
-4.717086975300969;1137;1
0;1138;0
-3.593846370819774;1139;0
0;1140;0
-5.821425290805405;1141;2
0;1142;0
-4.9156681431416756;1143;1
0;1144;0
-3.4753046924509587;1145;0
0;1146;0
-4.929333955448342;1147;1
0;1148;0
-3.9678183297846172;1149;0
0;1150;0
-3.482959174290735;1151;0
0;1152;0
-3.673476954596172;1153;0
0;1154;0
-3.6762954524271527;1155;1
0;1156;0
-3.854216719717379;1157;0
0;1158;0
-3.7140939046990464;1159;0
0;1160;0
-5.940839789749674;1161;2
0;1162;0
-3.0254023049707532;1163;0
0;1164;0
-3.1598316357666416;1165;0
0;1166;0
-4.537144649193532;1167;1
0;1168;0
-4.958114670178194;1169;1
0;1170;0
-7.279941478240982;1171;4
0;1172;0
-3.5525988888929647;1173;0
0;1174;0
-4.850396576518232;1175;1
0;1176;0
-4.9170304677745165;1177;1
0;1178;0
-5.906087138713746;1179;2
0;1180;0
-3.7359164181877444;1181;0
0;1182;0
-9.859627497158812;1183;6
0;1184;0
-5.876184123654067;1185;2
0;1186;0
-3.3289018309165623;1187;0
0;1188;0
-4.95220653893468;1189;1
0;1190;0
-7.002900128777668;1191;3
0;1192;0
-3.503757575304153;1193;0
0;1194;0
-6.355096035908691;1195;3
0;1196;0
-4.936554309347338;1197;1
0;1198;0
-4.431258115611281;1199;1
0;1200;0
-3.4431065594952885;1201;0
0;1202;0
-3.58926419022045;1203;0
0;1204;0
-3.4816809268608733;1205;0
0;1206;0
-3.512852892215469;1207;0
0;1208;0
-3.383154443129607;1209;0
0;1210;0
-3.4016614644824408;1211;0
0;1212;0
-3.7090705130779362;1213;0
0;1214;0
-3.2401840553609955;1215;0
0;1216;0
-4.934413778983866;1217;1
0;1218;0
-4.973208844884785;1219;1
0;1220;0
-6.995312860782524;1221;3
0;1222;0
-3.8199077839389117;1223;0
0;1224;0
-5.729093637067594;1225;2
0;1226;0
-7.715222285733541;1227;4
0;1228;0
-3.263642748975699;1229;0
0;1230;0
-3.4318175382074165;1231;0
0;1232;0
-4.923314925728729;1233;1
0;1234;0
-3.6819222000824032;1235;0
0;1236;0
-10.820558676793409;1237;7
0;1238;0
-4.785983685814104;1239;1
0;1240;0
-4.378170880295164;1241;1
0;1242;0
-3.843351779675384;1243;0
0;1244;0
-3.577521304264324;1245;0
0;1246;0
-3.8063641995233044;1247;0
0;1248;0
-3.5821118832823275;1249;0
0;1250;0
-3.5422674732638435;1251;0
0;1252;0
-3.6947980818522477;1253;0
0;1254;0
-3.7747986784199723;1255;0
0;1256;0
-4.919209569262109;1257;1
0;1258;0
-5.845406974447451;1259;2
0;1260;0
-3.441524296321252;1261;0
0;1262;0
-3.4045424278945764;1263;0
0;1264;0
-3.4881771862411473;1265;0
0;1266;0
-3.461747494210908;1267;0
0;1268;0
-8.35395801319651;1269;5
0;1270;0
-4.675068149357554;1271;1
0;1272;0
-3.4544531425318468;1273;0
0;1274;0
-5.792474245464954;1275;2
0;1276;0
-4.865731803459694;1277;1
0;1278;0
-4.971447567627289;1279;1
0;1280;0
-3.4698133562317084;1281;0
0;1282;0
-3.4858247056447658;1283;0
0;1284;0
-3.5550510367204144;1285;0
0;1286;0
-3.4512608110141088;1287;0
0;1288;0
-3.700125549442439;1289;0
0;1290;0
-3.4416194043990274;1291;0
0;1292;0
-3.2016047163633408;1293;0
0;1294;0
-3.192580109186948;1295;0
0;1296;0
-3.6394128472242473;1297;0
0;1298;0
-3.945747362586303;1299;0
0;1300;0
-3.4744494563841073;1301;0
0;1302;0
-4.660219202889242;1303;1
0;1304;0
-3.542542672498503;1305;0
0;1306;0
-7.678834772324848;1307;4
0;1308;0
-3.8327002166469226;1309;0
0;1310;0
-3.910974682116106;1311;0
0;1312;0
-3.626420992451147;1313;0
0;1314;0
-3.446099003576863;1315;0
0;1316;0
-4.908682959439662;1317;1
0;1318;0
-2.8852918190453347;1319;0
0;1320;0
-3.284502779455887;1321;0
0;1322;0
-5.605266777484115;1323;3
0;1324;0
-3.403557317797998;1325;0
0;1326;0
-3.71301655552649;1327;0
0;1328;0
-5.82709097062483;1329;2
0;1330;0
-3.321577214782871;1331;0
0;1332;0
-4.894499089036241;1333;1
0;1334;0
-3.395745875241566;1335;0
0;1336;0
-4.344211404214615;1337;1
0;1338;0
-3.503294823680248;1339;0
0;1340;0
-3.3414919324404484;1341;0
0;1342;0
-3.6652958412026466;1343;0
0;1344;0
-4.357128999948307;1345;1
0;1346;0
-4.936988962401892;1347;1
0;1348;0
-6.617251794971642;1349;3
0;1350;0
-4.870346611109027;1351;1
0;1352;0
-4.8567610039136095;1353;1
0;1354;0
-3.370463397963853;1355;0
0;1356;0
-4.823526336595691;1357;1
0;1358;0
-4.95350867670367;1359;1
0;1360;0
-3.3929417400775037;1361;0
0;1362;0
-3.7106274111088093;1363;0
0;1364;0
-4.893961134830079;1365;1
0;1366;0
-5.926760211924953;1367;2
0;1368;0
-3.7585934301290327;1369;0
0;1370;0
-6.531068908255958;1371;3
0;1372;0
-3.250551389403838;1373;0
0;1374;0
-3.8135583666365993;1375;0
0;1376;0
-3.6748720896904965;1377;0
0;1378;0
-3.796455913888486;1379;0
0;1380;0
-3.8732654606498773;1381;0
0;1382;0
-5.902894649294432;1383;2
0;1384;0
-6.9142920367043725;1385;3
0;1386;0
-6.74929102349255;1387;3
0;1388;0
-3.5594943195636244;1389;0
0;1390;0
-5.939516309342666;1391;2
0;1392;0
-5.816678459263333;1393;3
0;1394;0
-3.542131197959466;1395;0
0;1396;0
-3.433249852562196;1397;0
0;1398;0
-3.735782250727057;1399;0
0;1400;0
-3.630959902906131;1401;0
0;1402;0
-3.475570536681734;1403;0
0;1404;0
-5.909459567756488;1405;2
0;1406;0
-3.8993450421505496;1407;0
0;1408;0
-3.24496824456726;1409;0
0;1410;0
-8.885912841161119;1411;5
0;1412;0
-3.8358780229055727;1413;0
0;1414;0
-3.5321265388113443;1415;0
0;1416;0
-5.9750457026109505;1417;2
0;1418;0
-3.367268172082766;1419;0
0;1420;0
-3.7717330174302357;1421;0
0;1422;0
-3.6987926284147292;1423;0
0;1424;0
-3.7318533587422653;1425;0
0;1426;0
-3.6908761252124975;1427;0
0;1428;0
-3.598384975159018;1429;0
0;1430;0
-3.48941323029832;1431;0
0;1432;0
-7.753732406360042;1433;4
0;1434;0
-8.468750615237514;1435;5
0;1436;0
-6.942226438196305;1437;3
0;1438;0
-3.7491683960451834;1439;0
0;1440;0
-6.806544674383424;1441;3
0;1442;0
-3.772645685085424;1443;0
0;1444;0
-4.8028939353421265;1445;1
0;1446;0
-5.736487845905678;1447;2
0;1448;0
-7.666497363807769;1449;4
0;1450;0
-4.690674640775997;1451;1
0;1452;0
-7.672597346625671;1453;4
0;1454;0
-4.5239795252771025;1455;1
0;1456;0
-3.151420742138141;1457;0
0;1458;0
-3.466455166192735;1459;0
0;1460;0
-3.7220575835290353;1461;0
0;1462;0
-3.4535604771472705;1463;0
0;1464;0
-4.311809920217048;1465;1
0;1466;0
-4.888444503905196;1467;1
0;1468;0
-6.731894705761572;1469;3
0;1470;0
-5.271595274494152;1471;2
0;1472;0
-3.2409865490489373;1473;0
0;1474;0
-6.4465092836548;1475;3
0;1476;0
-4.7804090570081375;1477;1
0;1478;0
-3.511702362757506;1479;0
0;1480;0
-5.161815524205943;1481;2
0;1482;0
-4.834130051451547;1483;1
0;1484;0
-3.471495764588249;1485;0
0;1486;0
-3.0668142926107778;1487;0
0;1488;0
-3.6038010492134247;1489;0
0;1490;0
-3.6876985817056473;1491;0
0;1492;0
-3.360487084723538;1493;0
0;1494;0
-3.6084353781217366;1495;0
0;1496;0
-4.773195284004888;1497;1
0;1498;0
-3.367131177856095;1499;0
0;1500;0
-3.4983334870334883;1501;0
0;1502;0
-6.905976106187407;1503;3
0;1504;0
-3.5933362317250443;1505;0
0;1506;0
-2.9468060275578063;1507;0
0;1508;0
-10.683192439508309;1509;7
0;1510;0
-3.678572406077384;1511;0
0;1512;0
-5.841121260954587;1513;2
0;1514;0
-3.4013765083710013;1515;0
0;1516;0
-3.6242555720578444;1517;0
0;1518;0
-5.796195364034506;1519;2
0;1520;0
-3.4443391702512995;1521;1
0;1522;0
-3.4727452262359053;1523;0
0;1524;0
-5.990306931638265;1525;2
0;1526;0
-5.901046752027978;1527;2
0;1528;0
-3.229281524571048;1529;0
0;1530;0
-5.974763132776605;1531;2
0;1532;0
-3.71130941328025;1533;0
0;1534;0
-3.6245873346841027;1535;0
0;1536;0
-6.757435427990089;1537;3
0;1538;0
-3.567791408298901;1539;0
0;1540;0
-3.630445819911279;1541;0
0;1542;0
-5.726567212441019;1543;2
0;1544;0
-3.5189633244267373;1545;0
0;1546;0
-4.939173069401564;1547;1
0;1548;0
-3.396657610696632;1549;0
0;1550;0
-3.633586334447336;1551;0
0;1552;0
-4.808602603294208;1553;1
0;1554;0
-3.4658567461930128;1555;0
0;1556;0
-3.791567617442597;1557;0
0;1558;0
-3.6429049446083095;1559;0
0;1560;0
-3.4919224699783475;1561;0
0;1562;0
-3.945273274757493;1563;0
0;1564;0
-3.444538554665671;1565;0
0;1566;0
-6.686962994600821;1567;3
0;1568;0
-3.202051725426055;1569;0
0;1570;0
-3.336335370945473;1571;0
0;1572;0
-14.442197931326156;1573;11
0;1574;0
-7.9782664112488515;1575;4
0;1576;0
-4.944663959402744;1577;1
0;1578;0
-2.98374536712972;1579;0
0;1580;0
-7.956976911834769;1581;4
0;1582;0
-3.5035276922573875;1583;0
0;1584;0
-3.472391101424501;1585;0
0;1586;0
-4.900308079272667;1587;1
0;1588;0
-5.619845600257342;1589;2
0;1590;0
-3.4286492342284123;1591;0
0;1592;0
-4.974094094796195;1593;1
0;1594;0
-4.898538527194903;1595;1
0;1596;0
-3.9332169143523954;1597;0
0;1598;0
-3.4444772763545997;1599;0
0;1600;0
-3.74818836477228;1601;0
0;1602;0
-3.929688409278315;1603;0
0;1604;0
-4.8984596515466965;1605;1
0;1606;0
-3.0387145061928864;1607;0
0;1608;0
-3.648091690504483;1609;0
0;1610;0
-3.4797539546145297;1611;0
0;1612;0
-3.696411141768208;1613;0
0;1614;0
-3.5469732098695834;1615;0
0;1616;0
-4.543497975790843;1617;1
0;1618;0
-3.485181925037014;1619;0
0;1620;0
-6.920405197615886;1621;3
0;1622;0
-4.898861524491618;1623;1
0;1624;0
-8.808596227125111;1625;5
0;1626;0
-3.6860230953322657;1627;0
0;1628;0
-4.521114648119105;1629;1
0;1630;0
-3.393005551171448;1631;0
0;1632;0
-3.764728671241783;1633;0
0;1634;0
-7.877675150787592;1635;4
0;1636;0
-6.293305993733303;1637;3
0;1638;0
-4.869753125709588;1639;1
0;1640;0
-5.686526103598146;1641;2
0;1642;0
-3.668967061688335;1643;0
0;1644;0
-7.959359575900155;1645;4
0;1646;0
-3.6747945819694134;1647;0
0;1648;0
-3.607040802152866;1649;0
0;1650;0
-4.673519837574277;1651;1
0;1652;0
-3.9734691537262563;1653;0
0;1654;0
-5.61048521275485;1655;2
0;1656;0
-5.830744636389408;1657;2
0;1658;0
-3.604392343411308;1659;0
0;1660;0
-3.654396373765871;1661;0
0;1662;0
-3.6777704359509675;1663;0
0;1664;0
-3.950150426248895;1665;0
0;1666;0
-3.7251758363555663;1667;0
0;1668;0
-3.8160226992219926;1669;0
0;1670;0
-3.3458151321923397;1671;0
0;1672;0
-7.635902075130099;1673;4
0;1674;0
-3.7813414164362356;1675;0
0;1676;0
-9.84924957478074;1677;6
0;1678;0
-4.759820344084547;1679;1
0;1680;0
-4.836053599394941;1681;1
0;1682;0
-15.983987263234344;1683;12
0;1684;0
-8.478571488747235;1685;5
0;1686;0
-3.801886790880822;1687;1
0;1688;0
-3.378300331312004;1689;0
0;1690;0
-3.5263922301902184;1691;0
0;1692;0
-3.815672911705944;1693;0
0;1694;0
-6.833914068049968;1695;3
0;1696;0
-3.5966257531626153;1697;0
0;1698;0
-3.551015917817152;1699;0
0;1700;0
-3.4907151021462512;1701;0
0;1702;0
-4.88184136499788;1703;1
0;1704;0
-3.2743005769085456;1705;0
0;1706;0
-3.751363132216289;1707;0
0;1708;0
-3.4440297230289807;1709;0
0;1710;0
-9.945600830174813;1711;6
0;1712;0
-3.795011335229277;1713;0
0;1714;0
-2.953817756171829;1715;0
0;1716;0
-4.6103965307663115;1717;1
0;1718;0
-3.5925307942763283;1719;0
0;1720;0
-3.7999543760640373;1721;0
0;1722;0
-7.921978551828781;1723;4
0;1724;0
-5.938709206466823;1725;2
0;1726;0
-5.986536152264702;1727;2
0;1728;0
-4.844262371796015;1729;1
0;1730;0
-3.3557312047276384;1731;0
0;1732;0
-3.7846325419233855;1733;0
0;1734;0
-3.4897544987631166;1735;0
0;1736;0
-3.645009651431181;1737;0
0;1738;0
-3.7605944257601087;1739;1
0;1740;0
-4.965906426071471;1741;1
0;1742;0
-3.1075704038352656;1743;0
0;1744;0
-3.556563440308873;1745;0
0;1746;0
-8.960858521978805;1747;5
0;1748;0
-3.944456692670955;1749;0
0;1750;0
-6.861814023426815;1751;3
0;1752;0
-3.6753000305248924;1753;0
0;1754;0
-3.6674620731640113;1755;0
0;1756;0
-4.900527748606404;1757;1
0;1758;0
-4.957581723751586;1759;1
0;1760;0
-5.585106265638468;1761;2
0;1762;0
-4.976346182094423;1763;1
0;1764;0
-15.912504046140555;1765;12
0;1766;0
-3.5355344588482973;1767;0
0;1768;0
-4.870811001713183;1769;1
0;1770;0
-3.4054750508594913;1771;0
0;1772;0
-4.555818146757447;1773;1
0;1774;0
-5.996099493707115;1775;2
0;1776;0
-4.79158472363048;1777;1
0;1778;0
-3.1766394198409498;1779;0
0;1780;0
-3.1535458090275794;1781;0
0;1782;0
-7.988003557150812;1783;4
0;1784;0
-3.6240608788900737;1785;0
0;1786;0
-3.2415258781888916;1787;0
0;1788;0
-3.408951372867081;1789;0
0;1790;0
-3.6857690987287284;1791;0
0;1792;0
-3.7356490252896193;1793;0
0;1794;0
-4.677547880061329;1795;1
0;1796;0
-4.556325053739315;1797;1
0;1798;0
-3.940610587773349;1799;0
0;1800;0
-4.81453864409605;1801;1
0;1802;0
-3.5023578460993376;1803;0
0;1804;0
-4.970459112318435;1805;2
0;1806;0
-4.650625972681065;1807;1
0;1808;0
-3.734939794635078;1809;0
0;1810;0
-8.973940219496628;1811;5
0;1812;0
-3.489794608548842;1813;0
0;1814;0
-3.7030027656761084;1815;0
0;1816;0
-3.6708224564855447;1817;0
0;1818;0
-3.3831661830569146;1819;0
0;1820;0
-5.968696789947018;1821;2
0;1822;0
-4.664603981561335;1823;1
0;1824;0
-3.209302502518501;1825;0
0;1826;0
-3.460777127103852;1827;0
0;1828;0
-3.3630420746379732;1829;0
0;1830;0
-3.621137874227492;1831;0
0;1832;0
-3.155095004112667;1833;0
0;1834;0
-3.404846869741278;1835;0
0;1836;0
-4.910073033238709;1837;1
0;1838;0
-4.786031781438216;1839;1
0;1840;0
-3.9163489475771125;1841;0
0;1842;0
-3.328914745120402;1843;0
0;1844;0
-3.6266960748929544;1845;0
0;1846;0
-5.968627958716141;1847;2
0;1848;0
-3.742014018619063;1849;0
0;1850;0
-3.1734196772736754;1851;0
0;1852;0
-3.2654046554799527;1853;0
0;1854;0
-3.862605762974041;1855;0
0;1856;0
-4.931810599015459;1857;1
0;1858;0
-4.772535587706229;1859;1
0;1860;0
-4.748975652618614;1861;1
0;1862;0
-5.7828507159594835;1863;2
0;1864;0
-3.420897993272126;1865;0
0;1866;0
-3.9570660861111273;1867;0
0;1868;0
-3.1517289400174526;1869;0
0;1870;0
-5.001333562615347;1871;1
0;1872;0
-4.817772804921749;1873;1
0;1874;0
-4.964773748401749;1875;1
0;1876;0
-4.908455033520554;1877;1
0;1878;0
-3.5832439046539633;1879;0
0;1880;0
-5.966735896763947;1881;2
0;1882;0
-3.9460461294156484;1883;0
0;1884;0
-6.995714989735668;1885;3
0;1886;0
-6.828477524750559;1887;3
0;1888;0
-3.6204167473542572;1889;0
0;1890;0
-7.947891542821368;1891;4
0;1892;0
-3.7733738554119;1893;0
0;1894;0
-7.967260505886211;1895;4
0;1896;0
-9.648073200645525;1897;6
0;1898;0
-4.497734841999652;1899;1
0;1900;0
-6.470257432279;1901;3
0;1902;0
-5.959112072136328;1903;2
0;1904;0
-5.9298993899632055;1905;2
0;1906;0
-3.3897369497389978;1907;0
0;1908;0
-3.3717092457582662;1909;0
0;1910;0
-3.5328103360295096;1911;0
0;1912;0
-3.5465135536539334;1913;0
0;1914;0
-3.799048367963265;1915;0
0;1916;0
-3.1776956184177925;1917;0
0;1918;0
-3.317793235454942;1919;0
0;1920;0
-3.8504594406740034;1921;0
0;1922;0
-3.9493104252205127;1923;0
0;1924;0
-3.9502340590439364;1925;0
0;1926;0
-3.470725293090538;1927;0
0;1928;0
-6.9961096462804155;1929;3
0;1930;0
-2.9844862202656657;1931;0
0;1932;0
-3.514846131491019;1933;0
0;1934;0
-3.506608669668948;1935;0
0;1936;0
-3.6817701434361565;1937;0
0;1938;0
-3.6580185678463093;1939;0
0;1940;0
-3.5689779829702646;1941;0
0;1942;0
-3.725994502048986;1943;0
0;1944;0
-3.9589983382171536;1945;0
0;1946;0
-3.5315840737761763;1947;0
0;1948;0
-5.842563062251789;1949;2
0;1950;0
-4.728652623442999;1951;1
0;1952;0
-5.911326307878948;1953;2
0;1954;0
-4.774258487876024;1955;1
0;1956;0
-3.5632101205817643;1957;0
0;1958;0
-4.93038744498271;1959;1
0;1960;0
-3.614990035564973;1961;0
0;1962;0
-4.665704035352134;1963;1
0;1964;0
-3.9661888793764333;1965;0
0;1966;0
-3.734439021793441;1967;0
0;1968;0
-4.682879637795741;1969;1
0;1970;0
-3.3762398384530083;1971;0
0;1972;0
-3.719949725026207;1973;0
0;1974;0
-6.754578539906998;1975;3
0;1976;0
-4.825734746649444;1977;1
0;1978;0
-5.495794456806087;1979;2
0;1980;0
-3.7930556345028763;1981;0
0;1982;0
-3.579147409570597;1983;0
0;1984;0
-3.4292892377653774;1985;0
0;1986;0
-3.518546214445336;1987;0
0;1988;0
-3.3327000832089544;1989;0
0;1990;0
-5.812409867859974;1991;2
0;1992;0
-4.902086827279252;1993;1
0;1994;0
-3.8938066575740877;1995;0
0;1996;0
-4.646390789408901;1997;1
0;1998;0
-3.645129695611224;1999;0
0;2000;0
-3.423030530694791;2001;0
0;2002;0
-4.9543202783089555;2003;1
0;2004;0
-3.0805119372248657;2005;0
0;2006;0
-3.049533995996479;2007;0
0;2008;0
-3.310840982256018;2009;0
0;2010;0
-6.888684705925801;2011;3
0;2012;0
-2.967782797103039;2013;0
0;2014;0
-3.5416810420376934;2015;0
0;2016;0
-3.930921806130636;2017;0
0;2018;0
-3.405991454075357;2019;0
0;2020;0
-4.900784146553219;2021;1
0;2022;0
-3.561541248699492;2023;0
0;2024;0
-3.7413938558196236;2025;0
0;2026;0
-3.5917015057391635;2027;0
0;2028;0
-6.854087588820798;2029;3
0;2030;0
-4.846676907394231;2031;1
0;2032;0
-6.994793998539535;2033;3
0;2034;0
-4.9715780017276785;2035;1
0;2036;0
-4.657689125204778;2037;1
0;2038;0
-4.887855858639312;2039;1
0;2040;0
-4.967829412428063;2041;1
0;2042;0
-3.475573752772556;2043;0
0;2044;0
-3.817760602630054;2045;0
0;2046;0
-5.326951441547097;2047;2
0;2048;0
-3.585108199127533;2049;0
0;2050;0
-3.2433129612483365;2051;0
0;2052;0
-4.894490494129159;2053;1
0;2054;0
-3.5195060167941037;2055;0
0;2056;0
-6.657858868194946;2057;3
0;2058;0
-3.6350277911341253;2059;0
0;2060;0
-4.771570727159003;2061;1
0;2062;0
-3.489325187680752;2063;0
0;2064;0
-3.9643194891986573;2065;0
0;2066;0
-3.7289250283040127;2067;0
0;2068;0
-3.556282420035175;2069;0
0;2070;0
-3.19318513223173;2071;0
0;2072;0
-5.9312190053741025;2073;2
0;2074;0
-3.509795034703404;2075;0
0;2076;0
-4.908370572100622;2077;1
0;2078;0
-4.896966781183042;2079;1
0;2080;0
-3.696683680175566;2081;0
0;2082;0
-4.412913311117785;2083;1
0;2084;0
-4.857345201806972;2085;1
0;2086;0
-3.374523094859729;2087;0
0;2088;0
-3.443175167406147;2089;0
0;2090;0
-3.9341546312979245;2091;0
0;2092;0
-3.9485574196103426;2093;0
0;2094;0
-3.803263553416024;2095;0
0;2096;0
-3.5441216900467323;2097;0
0;2098;0
-4.914347639971848;2099;1
0;2100;0
-6.617732280302059;2101;3
0;2102;0
-3.5685181102745878;2103;0
0;2104;0
-3.3879238128051066;2105;0
0;2106;0
-5.628373648359303;2107;2
0;2108;0
-4.943915011917799;2109;1
0;2110;0
-3.5019709275615116;2111;0
0;2112;0
-4.803478117125578;2113;1
0;2114;0
-3.683204193903306;2115;0
0;2116;0
-3.531324721744184;2117;0
0;2118;0
-5.313745222769558;2119;2
0;2120;0
-3.7717073003283135;2121;0
0;2122;0
-3.5174905457103716;2123;0
0;2124;0
-4.907408157004467;2125;1
0;2126;0
-3.875243459531834;2127;0
0;2128;0
-4.851871542689161;2129;1
0;2130;0
-5.69917439986264;2131;2
0;2132;0
-3.3780675657608437;2133;0
0;2134;0
-3.469355659778172;2135;0
0;2136;0
-4.872906542496621;2137;1
0;2138;0
-3.647867124088644;2139;0
0;2140;0
-3.214399566865924;2141;0
0;2142;0
-5.84988340117258;2143;2
0;2144;0
-3.2358521202694837;2145;0
0;2146;0
-4.7758484223503155;2147;1
0;2148;0
-3.2093313854013408;2149;0
0;2150;0
-5.854887091411149;2151;2
0;2152;0
-7.600889890262454;2153;4
0;2154;0
-6.961864925754023;2155;3
0;2156;0
-3.3894039836548693;2157;0
0;2158;0
-5.405010557410089;2159;2
0;2160;0
-3.469120834923011;2161;0
0;2162;0
-4.823770351259396;2163;1
0;2164;0
-3.6256694153344946;2165;0
0;2166;0
-7.874402936998388;2167;4
0;2168;0
-3.2469026559467586;2169;0
0;2170;0
-4.688909202314595;2171;1
0;2172;0
-7.9716428260050325;2173;4
0;2174;0
-3.787049193668763;2175;0
0;2176;0
-5.561694605778946;2177;2
0;2178;0
-5.79987086821869;2179;2
0;2180;0
-4.955652393015886;2181;1
0;2182;0
-3.372324849487036;2183;0
0;2184;0
-4.751959305782979;2185;1
0;2186;0
-3.8248706979102836;2187;0
0;2188;0
-5.9247306123324535;2189;2
0;2190;0
-4.8765964818075025;2191;1
0;2192;0
-3.9264225219286506;2193;0
0;2194;0
-3.167877330283154;2195;0
0;2196;0
-3.5450218888693747;2197;0
0;2198;0
-7.707568848133299;2199;4
0;2200;0
-4.988521462374485;2201;1
0;2202;0
-4.922583997761658;2203;1
0;2204;0
-3.54304600865256;2205;0
0;2206;0
-3.294068187746922;2207;0
0;2208;0
-3.741855076006394;2209;0
0;2210;0
-3.6075216136084265;2211;0
0;2212;0
-5.821405986914682;2213;2
0;2214;0
-3.3699073493049814;2215;0
0;2216;0
-3.6572129201740573;2217;0
0;2218;0
-3.3374903921887125;2219;0
0;2220;0
-3.8925513412143244;2221;0
0;2222;0
-4.948392523557362;2223;1
0;2224;0
-3.4947082051136906;2225;0
0;2226;0
-6.822743696019252;2227;3
0;2228;0
-4.622920136211665;2229;1
0;2230;0
-4.998086274254105;2231;1
0;2232;0
-3.482347966895672;2233;0
0;2234;0
-3.43112213734149;2235;0
0;2236;0
-7.591485217221015;2237;4
0;2238;0
-3.8267963204849846;2239;0
0;2240;0
-5.9303647411913545;2241;2
0;2242;0
-3.5272003055262084;2243;0
0;2244;0
-3.4039453289225223;2245;0
0;2246;0
-3.1943885581096563;2247;0
0;2248;0
-3.5327788938992066;2249;0
0;2250;0
-4.972326755316377;2251;1
0;2252;0
-3.2643188690688776;2253;0
0;2254;0
-3.696086306404445;2255;0
0;2256;0
-6.84558111767601;2257;3
0;2258;0
-3.704788639413737;2259;0
0;2260;0
-3.5783730020092546;2261;0
0;2262;0
-6.999537094583276;2263;3
0;2264;0
-3.7835662499432794;2265;0
0;2266;0
-6.838352882279555;2267;3
0;2268;0
-3.4670334512354617;2269;0
0;2270;0
-3.593317944667417;2271;0
0;2272;0
-3.7321696981379007;2273;0
0;2274;0
-4.666789206483077;2275;1
0;2276;0
-3.7091857139863316;2277;0
0;2278;0
-5.886487186644448;2279;2
0;2280;0
-3.159181685913085;2281;0
0;2282;0
-3.404577037556536;2283;0
0;2284;0
-4.738515730662511;2285;1
0;2286;0
-5.9339100367014215;2287;2
0;2288;0
-4.811250040216998;2289;1
0;2290;0
-3.529926742412795;2291;0
0;2292;0
-3.124385749781377;2293;0
0;2294;0
-4.809806530646443;2295;1
0;2296;0
-3.7172761454383103;2297;0
0;2298;0
-3.6141432237630955;2299;0
0;2300;0
-3.566554349032158;2301;0
0;2302;0
-4.841763659286655;2303;1
0;2304;0
-3.586165851526241;2305;0
0;2306;0
-4.84897902181638;2307;1
0;2308;0
-4.766275486955045;2309;1
0;2310;0
-4.509617150275339;2311;1
0;2312;0
-4.821695836838094;2313;1
0;2314;0
-3.1721438024443636;2315;0
0;2316;0
-5.813334210105075;2317;2
0;2318;0
-5.740554604911781;2319;2
0;2320;0
-3.6006817089298835;2321;0
0;2322;0
-4.832072092273265;2323;1
0;2324;0
-4.607148753389602;2325;1
0;2326;0
-4.844643992252534;2327;1
0;2328;0
-5.7864619408016775;2329;2
0;2330;0
-4.845442149531742;2331;1
0;2332;0
-3.2382009883803127;2333;0
0;2334;0
-4.547338273294473;2335;1
0;2336;0
-7.487776828828958;2337;4
0;2338;0
-3.4934344924876823;2339;0
0;2340;0
-6.222021055166556;2341;3
0;2342;0
-4.896171867244425;2343;1
0;2344;0
-5.2920172113561;2345;2
0;2346;0
-4.997981437592057;2347;1
0;2348;0
-4.611740455065445;2349;1
0;2350;0
-3.9363078345320703;2351;1
0;2352;0
-3.596004353495934;2353;0
0;2354;0
-3.596526906211509;2355;0
0;2356;0
-6.8833924588596895;2357;3
0;2358;0
-4.907743798355017;2359;1
0;2360;0
-3.597064626013535;2361;0
0;2362;0
-3.521642608721752;2363;0
0;2364;0
-4.8593788786921985;2365;1
0;2366;0
-5.757086725718787;2367;2
0;2368;0
-3.4412742177668347;2369;0
0;2370;0
-3.7199761681919976;2371;0
0;2372;0
-3.523938918963029;2373;0
0;2374;0
-5.438560595655504;2375;2
0;2376;0
-3.7304841700211053;2377;0
0;2378;0
-4.814861634644711;2379;1
0;2380;0
-3.8489065280075994;2381;0
0;2382;0
-4.90705889257925;2383;1
0;2384;0
-3.7207626258214797;2385;0
0;2386;0
-6.97805097429992;2387;3
0;2388;0
-4.905786119422052;2389;1
0;2390;0
-3.5624336060394723;2391;0
0;2392;0
-3.5380070898787555;2393;0
0;2394;0
-4.910832045724444;2395;1
0;2396;0
-3.2759454014627605;2397;0
0;2398;0
-3.250239755129921;2399;0
0;2400;0
-5.3385342258751525;2401;2
0;2402;0
-3.2198682711112845;2403;0
0;2404;0
-4.933701824793295;2405;1
0;2406;0
-3.7695969833010072;2407;0
0;2408;0
-3.4942751192870203;2409;0
0;2410;0
-6.927370201266857;2411;3
0;2412;0
-4.684768425014915;2413;1
0;2414;0
-4.799829336023865;2415;1
0;2416;0
-2.958384056310569;2417;0
0;2418;0
-3.794850471321209;2419;0
0;2420;0
-4.974009107547641;2421;1
0;2422;0
-7.967874174647488;2423;4
0;2424;0
-7.777777266616148;2425;5
0;2426;0
-3.7003398146300994;2427;0
0;2428;0
-4.8329658975661705;2429;1
0;2430;0
-3.9334203885508643;2431;0
0;2432;0
-3.333190533771826;2433;0
0;2434;0
-4.802076386766932;2435;1
0;2436;0
-4.838746862230928;2437;1
0;2438;0
-6.787001129974161;2439;3
0;2440;0
-3.73681009130212;2441;0
0;2442;0
-3.3209674720543245;2443;0
0;2444;0
-3.5115898871033426;2445;0
0;2446;0
-5.755107754199994;2447;2
0;2448;0
-3.235822041208345;2449;0
0;2450;0
-3.7588031447000176;2451;0
0;2452;0
-4.896247435546975;2453;1
0;2454;0
-3.1972275743207588;2455;0
0;2456;0
-3.0825239503473756;2457;0
0;2458;0
-6.746354416984467;2459;3
0;2460;0
-3.0427638202488936;2461;0
0;2462;0
-6.831742845111091;2463;3
0;2464;0
-3.4577168125018822;2465;0
0;2466;0
-3.588686328293746;2467;0
0;2468;0
-4.827893219097468;2469;1
0;2470;0
-4.989549986126432;2471;1
0;2472;0
-3.4509831506914836;2473;0
0;2474;0
-3.7068655116430036;2475;0
0;2476;0
-4.848973508826795;2477;1
0;2478;0
-5.684872849696307;2479;2
0;2480;0
-3.8293163044737115;2481;0
0;2482;0
-4.966491277462746;2483;1
0;2484;0
-3.2786262040618;2485;0
0;2486;0
-5.955060008655517;2487;2
0;2488;0
-3.467262091257976;2489;0
0;2490;0
-4.797594602721617;2491;1
0;2492;0
-3.804281469830983;2493;0
0;2494;0
-4.9487710232216395;2495;1
0;2496;0
-3.6858354881287796;2497;0
0;2498;0
-6.427550861805696;2499;3
0;2500;0
-3.0773738139726605;2501;0
0;2502;0
-9.713019635219904;2503;6
0;2504;0
-3.95069452756227;2505;0
0;2506;0
-5.830014342977089;2507;2
0;2508;0
-5.702592010072971;2509;2
0;2510;0
-3.558727750168329;2511;0
0;2512;0
-14.021753130086834;2513;10
0;2514;0
-3.1882533745671235;2515;0
0;2516;0
-5.7227944919014035;2517;2
0;2518;0
-3.316176397620682;2519;0
0;2520;0
-5.32718886280492;2521;2
0;2522;0
-3.4802279026061957;2523;0
0;2524;0
-3.6499803914834845;2525;0
0;2526;0
-5.966088419505039;2527;2
0;2528;0
-9.299613994347979;2529;6
0;2530;0
-12.787377152504583;2531;9
0;2532;0
-9.93122815166032;2533;6
0;2534;0
-3.32461826352397;2535;0
0;2536;0
-3.710535130156777;2537;0
0;2538;0
-4.9966988100384855;2539;1
0;2540;0
-5.637599956776089;2541;2
0;2542;0
-3.224595156539357;2543;0
0;2544;0
-2.988845743039;2545;0
0;2546;0
-7.774092246564034;2547;4
0;2548;0
-3.7132856895614847;2549;0
0;2550;0
-3.497459396176981;2551;0
0;2552;0
-3.324257918137217;2553;0
0;2554;0
-3.460474791853964;2555;0
0;2556;0
-9.814798440513165;2557;6
0;2558;0
-5.893224380168601;2559;2
0;2560;0
-3.4994383994022122;2561;0
0;2562;0
-3.5994253009416552;2563;0
0;2564;0
-7.376981903303794;2565;4
0;2566;0
-3.3769874711899655;2567;0
0;2568;0
-4.843106330240529;2569;1
0;2570;0
-4.96727942677129;2571;1
0;2572;0
-3.1969322610634046;2573;0
0;2574;0
-3.8319827619083884;2575;0
0;2576;0
-15.8942241983615;2577;12
0;2578;0
-5.949253551326616;2579;2
0;2580;0
-5.619680347874658;2581;2
0;2582;0
-3.4707181457171448;2583;0
0;2584;0
-4.5740100503179555;2585;1
0;2586;0
-3.548185797394731;2587;0
0;2588;0
-3.4941737439160914;2589;0
0;2590;0
-4.832253248291021;2591;1
0;2592;0
-3.575784054481048;2593;0
0;2594;0
-7.845981178105807;2595;4
0;2596;0
-10.673347817651454;2597;7
0;2598;0
-4.8469916550836265;2599;1
0;2600;0
-4.918898649173107;2601;1
0;2602;0
-3.6282679700937353;2603;0
0;2604;0
-3.933344295741123;2605;0
0;2606;0
-3.708785562570634;2607;0
0;2608;0
-3.5476504959334147;2609;0
0;2610;0
-4.754735339323904;2611;1
0;2612;0
-4.771247142365857;2613;1
0;2614;0
-4.931298670293031;2615;1
0;2616;0
-3.238613368736729;2617;0
0;2618;0
-3.4326011673435755;2619;0
0;2620;0
-3.4295851137025677;2621;0
0;2622;0
-3.82114374721674;2623;0
0;2624;0
-5.931890608821906;2625;2
0;2626;0
-3.1974238797645014;2627;0
0;2628;0
-3.52067187265287;2629;0
0;2630;0
-4.840164378011314;2631;1
0;2632;0
-3.5002518400038882;2633;0
0;2634;0
-5.764030109334996;2635;2
0;2636;0
-3.273884993050147;2637;0
0;2638;0
-3.371521038649419;2639;0
0;2640;0
-3.634533538692585;2641;0
0;2642;0
-3.7661240485741283;2643;0
0;2644;0
-5.876080509687828;2645;2
0;2646;0
-4.682307970977822;2647;1
0;2648;0
-3.267544771782803;2649;0
0;2650;0
-6.804078610806906;2651;3
0;2652;0
-4.749875926571193;2653;1
0;2654;0
-10.552533952761141;2655;7
0;2656;0
-3.334451551946941;2657;0
0;2658;0
-6.567336379579492;2659;3
0;2660;0
-4.931653170916846;2661;1
0;2662;0
-5.931255921007346;2663;2
0;2664;0
-3.8047150242214123;2665;0
0;2666;0
-3.459033957572916;2667;0
0;2668;0
-3.1922152162050517;2669;0
0;2670;0
-3.7868611602845634;2671;0
0;2672;0
-3.5301686103297256;2673;0
0;2674;0
-8.883053131640398;2675;5
0;2676;0
-9.988681420469884;2677;6
0;2678;0
-6.721668507404068;2679;3
0;2680;0
-6.701371842273344;2681;3
0;2682;0
-3.730193568839139;2683;0
0;2684;0
-3.6448055846714733;2685;0
0;2686;0
-3.6990416733535936;2687;0
0;2688;0
-6.717951402553444;2689;3
0;2690;0
-3.5005182272805007;2691;0
0;2692;0
-3.8767154283195806;2693;0
0;2694;0
-6.957771118302752;2695;3
0;2696;0
-3.43319839672277;2697;0
0;2698;0
-9.774879954905142;2699;6
0;2700;0
-7.831311728698438;2701;4
0;2702;0
-5.974068492084996;2703;2
0;2704;0
-3.2816194467138766;2705;0
0;2706;0
-3.3892052924801472;2707;0
0;2708;0
-3.298431476004324;2709;0
0;2710;0
-3.736077544130058;2711;0
0;2712;0
-3.42081783046754;2713;0
0;2714;0
-3.616987892288854;2715;0
0;2716;0
-4.6201112453622475;2717;1
0;2718;0
-3.5240068160968017;2719;0
0;2720;0
-4.986146001455634;2721;1
0;2722;0
-5.963496805141546;2723;2
0;2724;0
-3.7367224030940402;2725;0
0;2726;0
-3.145085097934557;2727;0
0;2728;0
-4.825891967881344;2729;1
0;2730;0
-3.4536427852798317;2731;0
0;2732;0
-6.816700139408207;2733;3
0;2734;0
-3.8085024468279025;2735;0
0;2736;0
-3.504049901067625;2737;0
0;2738;0
-5.785101342865682;2739;2
0;2740;0
-3.6511606607754907;2741;0
0;2742;0
-4.735556036221662;2743;1
0;2744;0
-3.6947426645622525;2745;0
0;2746;0
-5.572279222833763;2747;2
0;2748;0
-3.384224330740121;2749;0
0;2750;0
-3.216192920641215;2751;0
0;2752;0
-3.4775969431850333;2753;0
0;2754;0
-6.655345744049152;2755;3
0;2756;0
-3.5283217237816276;2757;0
0;2758;0
-3.5227079252870404;2759;0
0;2760;0
-7.783724745912465;2761;4
0;2762;0
-4.65350127101971;2763;1
0;2764;0
-3.961858947678554;2765;0
0;2766;0
-4.941619953741501;2767;1
0;2768;0
-4.5607112299916235;2769;1
0;2770;0
-3.425704759367068;2771;0
0;2772;0
-3.509921611427295;2773;0
0;2774;0
-3.9132720633524904;2775;0
0;2776;0
-3.3876198674529743;2777;0
0;2778;0
-5.871421356997663;2779;2
0;2780;0
-4.877378102350769;2781;1
0;2782;0
-6.417025835554474;2783;3
0;2784;0
-4.853522544220207;2785;1
0;2786;0
-3.4725505851182388;2787;0
0;2788;0
-10.97932953133704;2789;7
0;2790;0
-3.0692243800566135;2791;0
0;2792;0
-3.576883304217473;2793;0
0;2794;0
-6.822861213612214;2795;3
0;2796;0
-5.572828962408872;2797;2
0;2798;0
-5.915085036955232;2799;2
0;2800;0
-6.987577145636942;2801;3
0;2802;0
-3.736580058189978;2803;0
0;2804;0
-4.979257184367931;2805;1
0;2806;0
-3.3886524126284225;2807;0
0;2808;0
-3.7775856518710578;2809;0
0;2810;0
-3.7054384775202416;2811;0
0;2812;0
-3.954906956983291;2813;0
0;2814;0
-3.7624301194990037;2815;0
0;2816;0
-3.6089845388390955;2817;0
0;2818;0
-4.911706423116517;2819;1
0;2820;0
-6.837837718371512;2821;3
0;2822;0
-6.976127460475414;2823;3
0;2824;0
-6.9125573543415655;2825;3
0;2826;0
-4.91290778957301;2827;1
0;2828;0
-5.9477487709109225;2829;2
0;2830;0
-4.723572797777883;2831;1
0;2832;0
-3.5866183544281736;2833;0
0;2834;0
-3.6049038807927256;2835;0
0;2836;0
-3.9330073378332733;2837;0
0;2838;0
-3.4971735799738988;2839;0
0;2840;0
-4.913675226812112;2841;1
0;2842;0
-3.5248872665242357;2843;0
0;2844;0
-3.54088113263355;2845;0
0;2846;0
-4.941681286630581;2847;1
0;2848;0
-5.722353000520889;2849;2
0;2850;0
-3.625247169150101;2851;0
0;2852;0
-3.4703451871784576;2853;0
0;2854;0
-4.962510193830042;2855;1
0;2856;0
-4.421204881000067;2857;1
0;2858;0
-5.862881080885103;2859;2
0;2860;0
-6.867955689312967;2861;3
0;2862;0
-4.682969347319568;2863;1
0;2864;0
-5.610228667303646;2865;2
0;2866;0
-3.611596697896624;2867;0
0;2868;0
-3.5073799075211918;2869;0
0;2870;0
-4.9124116602473675;2871;1
0;2872;0
-3.7583060674670024;2873;0
0;2874;0
-5.977778802367064;2875;2
0;2876;0
-4.81799418467243;2877;1
0;2878;0
-3.7558888764414813;2879;0
0;2880;0
-3.400878377953034;2881;0
0;2882;0
-6.294711556284448;2883;3
0;2884;0
-3.7723898904073123;2885;0
0;2886;0
-6.741009222178115;2887;3
0;2888;0
-6.806679003852244;2889;3
0;2890;0
-3.686202032028574;2891;0
0;2892;0
-3.6374136213677453;2893;0
0;2894;0
-4.981484054357681;2895;1
0;2896;0
-3.7565735396795676;2897;0
0;2898;0
-4.56644562367718;2899;1
0;2900;0
-3.6260537773060655;2901;0
0;2902;0
-5.931578289253156;2903;2
0;2904;0
-3.5256387273223266;2905;0
0;2906;0
-4.89463193339762;2907;1
0;2908;0
-5.989721935508371;2909;2
0;2910;0
-4.88490036110495;2911;1
0;2912;0
-3.368700233568016;2913;0
0;2914;0
-3.365792227608633;2915;0
0;2916;0
-6.7684282352965495;2917;3
0;2918;0
-3.674630801819345;2919;0
0;2920;0
-3.549499218707262;2921;0
0;2922;0
-3.520977537816003;2923;0
0;2924;0
-6.994845714700305;2925;3
0;2926;0
-5.852786674956043;2927;2
0;2928;0
-3.466330603525166;2929;0
0;2930;0
-3.3824443274384515;2931;0
0;2932;0
-5.81572279131236;2933;2
0;2934;0
-3.3688447399751915;2935;0
0;2936;0
-3.614042445978437;2937;0
0;2938;0
-5.976456928692426;2939;2
0;2940;0
-3.5226264635325113;2941;0
0;2942;0
-4.940288251651735;2943;1
0;2944;0
-4.912830909733826;2945;1
0;2946;0
-3.5295066777004687;2947;0
0;2948;0
-3.96644172127501;2949;0
0;2950;0
-6.872515466558262;2951;3
0;2952;0
-4.946277743643041;2953;1
0;2954;0
-6.9801345335057245;2955;3
0;2956;0
-3.917826351464516;2957;0
0;2958;0
-4.928307266025085;2959;1
0;2960;0
-4.924666570789871;2961;1
0;2962;0
-5.803508400563416;2963;2
0;2964;0
-3.9170613317901424;2965;0
0;2966;0
-3.661522961576675;2967;0
0;2968;0
-4.706832778305678;2969;1
0;2970;0
-4.904153665539222;2971;1
0;2972;0
-3.7514905874321816;2973;0
0;2974;0
-4.908973758857673;2975;1
0;2976;0
-4.978005694519217;2977;1
0;2978;0
-5.903366431986941;2979;2
0;2980;0
-3.4147092667029777;2981;0
0;2982;0
-3.6524967966175974;2983;0
0;2984;0
-3.5286890667975914;2985;0
0;2986;0
-3.681673343845482;2987;0
0;2988;0
-3.663889220934033;2989;0
0;2990;0
-3.456203188043173;2991;0
0;2992;0
-10.860251890026083;2993;7
0;2994;0
-3.864419209708792;2995;0
0;2996;0
-4.586049508203703;2997;1
0;2998;0
-4.752995458189606;2999;1
0;3000;0
-3.6365793632481527;3001;0
0;3002;0
-5.6572375064640985;3003;2
0;3004;0
-3.663250650455483;3005;0
0;3006;0
-3.3808218065654794;3007;0
0;3008;0
-3.9442809774493854;3009;0
0;3010;0
-3.5110395499599862;3011;0
0;3012;0
-4.847998777690161;3013;1
0;3014;0
-5.630414385688938;3015;2
0;3016;0
-7.724370428699938;3017;4
0;3018;0
-6.972622817220973;3019;3
0;3020;0
-5.671994768087576;3021;2
0;3022;0
-3.816045690280214;3023;0
0;3024;0
-4.896494484090678;3025;1
0;3026;0
-7.663982571645157;3027;4
0;3028;0
-3.357211288054236;3029;0
0;3030;0
-3.39082003505303;3031;0
0;3032;0
-3.7903488214849395;3033;0
0;3034;0
-8.172073018877015;3035;5
0;3036;0
-3.8273663684519015;3037;0
0;3038;0
-3.7054199989357692;3039;0
0;3040;0
-3.455377586011606;3041;0
0;3042;0
-3.4104857440674943;3043;0
0;3044;0
-6.91710043096254;3045;3
0;3046;0
-3.6058649879314757;3047;0
0;3048;0
-3.6997939736620666;3049;0
0;3050;0
-3.1395757186866917;3051;0
0;3052;0
-3.511177993433096;3053;0
0;3054;0
-5.157676973012496;3055;2
0;3056;0
-4.609874960337615;3057;1
0;3058;0
-4.765412858581566;3059;1
0;3060;0
-3.8707395056561724;3061;0
0;3062;0
-3.6515300152040417;3063;0
0;3064;0
-4.899826575824017;3065;1
0;3066;0
-3.3688822184456066;3067;0
0;3068;0
-5.981750254850525;3069;2
0;3070;0
-3.4260687679704693;3071;0
0;3072;0
-6.745701960063489;3073;3
0;3074;0
-3.357308794120313;3075;0
0;3076;0
-3.7845262113784424;3077;0
0;3078;0
-5.589257161049861;3079;2
0;3080;0
-3.9524091236683194;3081;0
0;3082;0
-6.82411515468385;3083;3
0;3084;0
-4.704997337979721;3085;1
0;3086;0
-8.84658677014441;3087;5
0;3088;0
-8.90441213242336;3089;5
0;3090;0
-4.954469843673338;3091;1
0;3092;0
-4.895043507932436;3093;1
0;3094;0
-3.170548739684691;3095;0
0;3096;0
-3.539620402159637;3097;0
0;3098;0
-5.968722894755036;3099;2
0;3100;0
-3.5377393971271927;3101;0
0;3102;0
-3.4472015217274703;3103;0
0;3104;0
-8.988143928669642;3105;5
0;3106;0
-3.3121273362127193;3107;0
0;3108;0
-5.902831682736847;3109;2
0;3110;0
-4.693816151833043;3111;1
0;3112;0
-3.5932786683135944;3113;0
0;3114;0
-3.527202669245498;3115;0
0;3116;0
-4.672827326071467;3117;1
0;3118;0
-3.5745496945735926;3119;0
0;3120;0
-5.685379618760622;3121;2
0;3122;0
-4.900867904015185;3123;1
0;3124;0
-3.696037362973783;3125;0
0;3126;0
-3.4667563488184974;3127;0
0;3128;0
-7.814437947716126;3129;4
0;3130;0
-3.534476220225396;3131;0
0;3132;0
-4.6559469646447;3133;1
0;3134;0
-3.86877522642771;3135;0
0;3136;0
-3.5088481093342554;3137;0
0;3138;0
-3.7051721221566543;3139;0
0;3140;0
-4.82283481738299;3141;1
0;3142;0
-4.820062696679289;3143;1
0;3144;0
-6.427350689396917;3145;3
0;3146;0
-5.658042514504693;3147;2
0;3148;0
-3.4289891909368913;3149;0
0;3150;0
-3.444097364376441;3151;0
0;3152;0
-3.3785606823043173;3153;0
0;3154;0
-4.826273664773343;3155;1
0;3156;0
-3.891885235681133;3157;0
0;3158;0
-7.584857213157958;3159;4
0;3160;0
-5.920599974259323;3161;2
0;3162;0
-4.820465089591606;3163;1
0;3164;0
-4.823106091885257;3165;1
0;3166;0
-3.202640144557412;3167;0
0;3168;0
-3.242843219641143;3169;0
0;3170;0
-5.4802603350006045;3171;2
0;3172;0
-5.675257479663796;3173;2
0;3174;0
-3.962482327750929;3175;0
0;3176;0
-4.9032402598169735;3177;1
0;3178;0
-3.5736717728167133;3179;0
0;3180;0
-5.910855392074223;3181;2
0;3182;0
-5.596069200557379;3183;2
0;3184;0
-5.904216245088116;3185;2
0;3186;0
-4.914565551269279;3187;1
0;3188;0
-3.5064380201597727;3189;0
0;3190;0
-3.9047940886774968;3191;0
0;3192;0
-3.5844123139939166;3193;0
0;3194;0
-6.898482956085432;3195;3
0;3196;0
-4.808298728205617;3197;1
0;3198;0
-3.7350403261118745;3199;0
0;3200;0
-4.68355200500848;3201;1
0;3202;0
-3.7397795452924445;3203;0
0;3204;0
-3.4989773037675316;3205;0
0;3206;0
-3.357415117285183;3207;0
0;3208;0
-3.5512986310719166;3209;0
0;3210;0
-3.7315764255964723;3211;0
0;3212;0
-3.4184056635374622;3213;0
0;3214;0
-3.665039332203755;3215;0
0;3216;0
-6.495309496803541;3217;3
0;3218;0
-3.4250864017525;3219;0
0;3220;0
-3.7564981127631656;3221;0
0;3222;0
-3.663684520796833;3223;0
0;3224;0
-3.7722804461880792;3225;0
0;3226;0
-4.870078362818326;3227;1
0;3228;0
-8.80340751454056;3229;5
0;3230;0
-4.8618390468073835;3231;1
0;3232;0
-5.999000614465198;3233;2
0;3234;0
-3.933971049299502;3235;0
0;3236;0
-3.6191259861381715;3237;0
0;3238;0
-3.3320990722943122;3239;0
0;3240;0
-3.3626397774475905;3241;0
0;3242;0
-4.955793049190651;3243;1
0;3244;0
-3.4709574397846814;3245;0
0;3246;0
-3.518414668226009;3247;0
0;3248;0
-7.899491553607124;3249;4
0;3250;0
-6.917969422807903;3251;3
0;3252;0
-4.738820682200236;3253;1
0;3254;0
-4.726360605295094;3255;1
0;3256;0
-4.505474807969083;3257;1
0;3258;0
-3.5610294839109073;3259;0
0;3260;0
-6.909356443155769;3261;3
0;3262;0
-3.246649958081663;3263;0
0;3264;0
-5.5538869782599285;3265;2
0;3266;0
-3.4743331347959474;3267;0
0;3268;0
-5.997973491456092;3269;2
0;3270;0
-4.843574087184982;3271;1
0;3272;0
-3.3418102644056917;3273;0
0;3274;0
-3.463508852751464;3275;0
0;3276;0
-3.7316440003824827;3277;1
0;3278;0
-6.9772049810728625;3279;3
0;3280;0
-5.929534894195891;3281;2
0;3282;0
-3.309417849966777;3283;0
0;3284;0
-4.956856061868442;3285;1
0;3286;0
-7.981266778911574;3287;4
0;3288;0
-3.875783449994911;3289;0
0;3290;0
-3.2946212611015384;3291;0
0;3292;0
-9.882211038300717;3293;6
0;3294;0
-3.7391361407860093;3295;0
0;3296;0
-3.580091743013262;3297;0
0;3298;0
-4.873921171339964;3299;1
0;3300;0
-3.788964449653249;3301;0
0;3302;0
-3.384181339407525;3303;0
0;3304;0
-4.793273987708599;3305;1
0;3306;0
-3.9603181263030236;3307;0
0;3308;0
-7.535395666929405;3309;4
0;3310;0
-4.740625516482718;3311;1
0;3312;0
-3.3480592968385343;3313;0
0;3314;0
-3.6004213066052944;3315;0
0;3316;0
-5.214215739688582;3317;2
0;3318;0
-3.601134592854928;3319;0
0;3320;0
-3.2925743497206184;3321;0
0;3322;0
-3.5133412849542673;3323;0
0;3324;0
-3.697754944807742;3325;0
0;3326;0
-3.3273176318042452;3327;0
0;3328;0
-3.6095627332357196;3329;0
0;3330;0
-3.8153549092238954;3331;0
0;3332;0
-3.5321455278247935;3333;0
0;3334;0
-3.542875660087368;3335;0
0;3336;0
-3.4854844233964997;3337;0
0;3338;0
-3.5007820588721787;3339;0
0;3340;0
-5.5298901419780195;3341;2
0;3342;0
-3.6830477292769768;3343;0
0;3344;0
-5.333546209081821;3345;2
0;3346;0
-3.47866804432999;3347;0
0;3348;0
-5.878126293680833;3349;2
0;3350;0
-2.9889301760100278;3351;0
0;3352;0
-4.643836507128577;3353;1
0;3354;0
-5.964278227219984;3355;2
0;3356;0
-3.823926741647364;3357;0
0;3358;0
-3.848412863771162;3359;0
0;3360;0
-3.5821984813181436;3361;0
0;3362;0
-3.866945400548655;3363;0
0;3364;0
-4.8534137561210855;3365;1
0;3366;0
-3.7739508382143754;3367;0
0;3368;0
-5.272751110874495;3369;2
0;3370;0
-4.230587133323491;3371;1
0;3372;0
-4.855819622873247;3373;1
0;3374;0
-5.796461639566586;3375;2
0;3376;0
-3.768133199390919;3377;0
0;3378;0
-4.864766935927765;3379;1
0;3380;0
-6.9831850840550445;3381;3
0;3382;0
-3.8106140150960344;3383;0
0;3384;0
-5.86587729630458;3385;2
0;3386;0
-3.6597468323654065;3387;0
0;3388;0
-3.7138901321317466;3389;0
0;3390;0
-3.293917146679554;3391;0
0;3392;0
-4.7123669708607085;3393;1
0;3394;0
-4.578630678476248;3395;1
0;3396;0
-3.3927764541561563;3397;0
0;3398;0
-3.534317151147189;3399;0
0;3400;0
-4.7372833773528455;3401;1
0;3402;0
-3.5121849459410517;3403;0
0;3404;0
-4.997783148433829;3405;1
0;3406;0
-3.2718680361742285;3407;0
0;3408;0
-3.6636849577218;3409;0
0;3410;0
-3.5376411099023137;3411;0
0;3412;0
-3.15446084993259;3413;0
0;3414;0
-3.424591527478904;3415;0
0;3416;0
-3.54310778507309;3417;0
0;3418;0
-3.8424883402587886;3419;0
0;3420;0
-3.4078304864245776;3421;0
0;3422;0
-6.940727279361961;3423;3
0;3424;0
-4.757801319321937;3425;1
0;3426;0
-4.693842088424776;3427;1
0;3428;0
-4.912535482588975;3429;1
0;3430;0
-4.8963720763803105;3431;1
0;3432;0
-3.1931623225831007;3433;0
0;3434;0
-3.8331628260638526;3435;1
0;3436;0
-3.8183170311862398;3437;0
0;3438;0
-3.669288710759219;3439;0
0;3440;0
-3.8142963844434057;3441;0
0;3442;0
-3.5808703817499024;3443;0
0;3444;0
-3.5344909933911417;3445;0
0;3446;0
-3.709790513824178;3447;0
0;3448;0
-3.300355808397044;3449;0
0;3450;0
-4.967730245085579;3451;1
0;3452;0
-3.3953768579596355;3453;0
0;3454;0
-5.8123286628223365;3455;2
0;3456;0
-3.1434612634775165;3457;0
0;3458;0
-7.281010179543517;3459;4
0;3460;0
-3.0666561442467914;3461;0
0;3462;0
-3.6805384609795775;3463;0
0;3464;0
-3.517080825625543;3465;0
0;3466;0
-3.561256249963723;3467;0
0;3468;0
-3.354035914971993;3469;0
0;3470;0
-5.7794617118659195;3471;2
0;3472;0
-5.832599963189615;3473;2
0;3474;0
-3.7860103807810077;3475;0
0;3476;0
-6.005726977799829;3477;2
0;3478;0
-3.4137058783804974;3479;0
0;3480;0
-4.53718358452257;3481;1
0;3482;0
-5.720180994616528;3483;2
0;3484;0
-6.63835825651952;3485;3
0;3486;0
-3.43989081266945;3487;0
0;3488;0
-4.89657390797079;3489;1
0;3490;0
-4.660667213266728;3491;1
0;3492;0
-3.2343629733469497;3493;0
0;3494;0
-4.714097641889766;3495;1
0;3496;0
-4.883240996532238;3497;1
0;3498;0
-3.4089298094597034;3499;0
0;3500;0
-3.7301878022376775;3501;0
0;3502;0
-5.748609274130783;3503;2
0;3504;0
-3.897555757697516;3505;0
0;3506;0
-3.3726754742279246;3507;0
0;3508;0
-3.463729109164747;3509;0
0;3510;0
-11.714544703408496;3511;8
0;3512;0
-3.809802031177526;3513;0
0;3514;0
-3.70836978918664;3515;0
0;3516;0
-3.6174440219095323;3517;0
0;3518;0
-4.920667442709005;3519;1
0;3520;0
-3.5814939279653433;3521;0
0;3522;0
-3.64212750766188;3523;0
0;3524;0
-3.6513264351968333;3525;0
0;3526;0
-3.646461487295715;3527;0
0;3528;0
-3.8517637011424997;3529;0
0;3530;0
-3.4035558833040733;3531;0
0;3532;0
-3.15331248325139;3533;0
0;3534;0
-3.313845729466995;3535;0
0;3536;0
-4.953789909228441;3537;1
0;3538;0
-3.5774398030162216;3539;0
0;3540;0
-3.2716953558933186;3541;0
0;3542;0
-3.6772234585179704;3543;0
0;3544;0
-4.916717556684877;3545;1
0;3546;0
-3.4601151030226838;3547;0
0;3548;0
-3.7500056587362067;3549;0
0;3550;0
-4.932485685751345;3551;1
0;3552;0
-3.4830794196847776;3553;0
0;3554;0
-3.460951981112357;3555;0
0;3556;0
-3.6053558376614037;3557;0
0;3558;0
-3.3211814741217163;3559;0
0;3560;0
-5.818885371514464;3561;2
0;3562;0
-4.69584109376906;3563;1
0;3564;0
-3.6787715735248634;3565;0
0;3566;0
-3.105052645037313;3567;0
0;3568;0
-3.177991053929852;3569;0
0;3570;0
-4.526300193892045;3571;1
0;3572;0
-15.5847543836941;3573;12
0;3574;0
-3.6117960011374577;3575;0
0;3576;0
-4.9107912973571395;3577;1
0;3578;0
-4.707806495795649;3579;1
0;3580;0
-6.978745460166447;3581;3
0;3582;0
-3.316942694872498;3583;0
0;3584;0
-5.814878252423155;3585;2
0;3586;0
-3.5445328371334184;3587;0
0;3588;0
-3.6370948001208476;3589;0
0;3590;0
-5.747691060775978;3591;2
0;3592;0
-5.672112654946666;3593;2
0;3594;0
-3.4622595652016908;3595;0
0;3596;0
-3.1167219849047627;3597;0
0;3598;0
-3.662541153516311;3599;0
0;3600;0
-3.5231653912159735;3601;0
0;3602;0
-4.867482728370219;3603;1
0;3604;0
-3.73018615470963;3605;0
0;3606;0
-5.3911181051329065;3607;2
0;3608;0
-3.4870128245110257;3609;0
0;3610;0
-6.7953563250310065;3611;3
0;3612;0
-6.875439957900287;3613;3
0;3614;0
-4.9205562407097165;3615;1
0;3616;0
-4.998213459602887;3617;1
0;3618;0
-3.817915075490971;3619;0
0;3620;0
-3.2675760776323237;3621;0
0;3622;0
-6.554953397828985;3623;3
0;3624;0
-4.863602319229468;3625;1
0;3626;0
-5.375375615804648;3627;2
0;3628;0
-5.965905234837102;3629;2
0;3630;0
-5.000473887095508;3631;1
0;3632;0
-3.125542586569639;3633;0
0;3634;0
-3.5409141108611797;3635;0
0;3636;0
-5.793075061049559;3637;2
0;3638;0
-3.4523209692183436;3639;0
0;3640;0
-3.662238697927207;3641;0
0;3642;0
-4.81876304231009;3643;1
0;3644;0
-3.1526095105501812;3645;0
0;3646;0
-4.8195355320325035;3647;1
0;3648;0
-3.8336580722778684;3649;0
0;3650;0
-4.939873787361761;3651;1
0;3652;0
-6.969272312161056;3653;3
0;3654;0
-3.795445157163444;3655;0
0;3656;0
-3.951820698640993;3657;0
0;3658;0
-3.3497131460019527;3659;0
0;3660;0
-3.484148445381496;3661;0
0;3662;0
-4.406725592384922;3663;1
0;3664;0
-4.863324328088693;3665;1
0;3666;0
-4.708079244416433;3667;1
0;3668;0
-5.953615399464169;3669;2
0;3670;0
-7.784456429514009;3671;4
0;3672;0
-3.449293038077725;3673;0
0;3674;0
-8.543320215525572;3675;5
0;3676;0
-3.46503669591079;3677;0
0;3678;0
-3.5783125560375044;3679;0
0;3680;0
-4.877530671663887;3681;1
0;3682;0
-3.491410660232182;3683;0
0;3684;0
-3.6960728312801843;3685;0
0;3686;0
-4.562045361928506;3687;1
0;3688;0
-4.94980392006392;3689;1
0;3690;0
-3.1264546751911944;3691;0
0;3692;0
-3.1840014082210613;3693;0
0;3694;0
-3.273811622472807;3695;0
0;3696;0
-4.825958797143448;3697;1
0;3698;0
-4.921597604986696;3699;1
0;3700;0
-3.7266104238135376;3701;0
0;3702;0
-3.7974413296217158;3703;0
0;3704;0
-4.926647861027596;3705;1
0;3706;0
-3.384749381484371;3707;0
0;3708;0
-3.1788434278223217;3709;0
0;3710;0
-4.985521197441908;3711;1
0;3712;0
-6.991366967051425;3713;3
0;3714;0
-3.3943562071177054;3715;0
0;3716;0
-4.3537417973285155;3717;1
0;3718;0
-3.7699675876411103;3719;0
0;3720;0
-4.857074163723638;3721;1
0;3722;0
-4.907524686249731;3723;1
0;3724;0
-7.8551597291180535;3725;4
0;3726;0
-3.8297438737760117;3727;0
0;3728;0
-5.953394745730046;3729;2
0;3730;0
-5.730330973391027;3731;2
0;3732;0
-4.775800199552334;3733;1
0;3734;0
-10.78654477760418;3735;7
0;3736;0
-5.881740668153515;3737;2
0;3738;0
-4.619953152896067;3739;1
0;3740;0
-4.809228920139764;3741;1
0;3742;0
-3.6611276816886544;3743;0
0;3744;0
-3.733505744872746;3745;0
0;3746;0
-3.9533762223583158;3747;0
0;3748;0
-4.847837276610371;3749;1
0;3750;0
-3.7514846324749476;3751;0
0;3752;0
-3.8174330377833967;3753;0
0;3754;0
-3.627107342106009;3755;0
0;3756;0
-3.582934974968193;3757;0
0;3758;0
-5.976584986426136;3759;2
0;3760;0
-4.819877694405767;3761;1
0;3762;0
-4.90727840093528;3763;1
0;3764;0
-3.758451542268701;3765;0
0;3766;0
-3.661594384287813;3767;0
0;3768;0
-3.8683019395039624;3769;0
0;3770;0
-3.2716223131064606;3771;0
0;3772;0
-3.39326152094235;3773;0
0;3774;0
-3.8996942795519693;3775;0
0;3776;0
-4.745205375098143;3777;1
0;3778;0
-3.5581835293693667;3779;0
0;3780;0
-3.1980325105325313;3781;0
0;3782;0
-3.7225863196763367;3783;0
0;3784;0
-3.7160015258286117;3785;0
0;3786;0
-3.5864918110445485;3787;0
0;3788;0
-4.8252565369162825;3789;1
0;3790;0
-3.474203578502278;3791;0
0;3792;0
-6.978311078497062;3793;3
0;3794;0
-3.7491634748628337;3795;0
0;3796;0
-7.980556289475816;3797;4
0;3798;0
-3.6033251602850878;3799;0
0;3800;0
-6.437359732707631;3801;3
0;3802;0
-3.669579609156561;3803;0
0;3804;0
-3.917164757487071;3805;0
0;3806;0
-7.867878777904846;3807;4
0;3808;0
-3.5415354230350182;3809;0
0;3810;0
-7.760752159198665;3811;4
0;3812;0
-5.320003249806798;3813;2
0;3814;0
-5.899746942473768;3815;2
0;3816;0
-5.86528559556222;3817;2
0;3818;0
-5.634423647136204;3819;2
0;3820;0
-3.4506016562884314;3821;0
0;3822;0
-3.877452306961942;3823;0
0;3824;0
-5.944629468236006;3825;2
0;3826;0
-4.764336281677933;3827;1
0;3828;0
-3.457990370998095;3829;0
0;3830;0
-4.957764642852153;3831;1
0;3832;0
-4.99495810384313;3833;1
0;3834;0
-5.604442986766337;3835;2
0;3836;0
-3.491794561992086;3837;0
0;3838;0
-6.6790185058599505;3839;3
0;3840;0
-5.925230904183739;3841;2
0;3842;0
-5.9841510748876665;3843;2
0;3844;0
-3.252617982930409;3845;0
0;3846;0
-6.761041338848157;3847;3
0;3848;0
-3.6207539135322344;3849;0
0;3850;0
-2.9182971211945103;3851;0
0;3852;0
-3.874244633845107;3853;0
0;3854;0
-3.6004262328618166;3855;0
0;3856;0
-3.299918809356984;3857;0
0;3858;0
-3.4985281425111916;3859;0
0;3860;0
-4.949436467938507;3861;1
0;3862;0
-3.5980146314912944;3863;0
0;3864;0
-5.7306520108896315;3865;2
0;3866;0
-3.715759981190211;3867;0
0;3868;0
-3.5151572169769816;3869;0
0;3870;0
-3.6472211920743627;3871;0
0;3872;0
-3.155918927709723;3873;0
0;3874;0
-3.245675729216418;3875;0
0;3876;0
-7.935769979443327;3877;4
0;3878;0
-4.861476591413484;3879;1
0;3880;0
-3.5495045864733785;3881;0
0;3882;0
-3.8906573926138033;3883;0
0;3884;0
-3.3100800262852963;3885;0
0;3886;0
-3.945104214402107;3887;0
0;3888;0
-4.914395586315933;3889;1
0;3890;0
-3.127705922970831;3891;0
0;3892;0
-4.819840231544606;3893;1
0;3894;0
-3.9173647273613685;3895;0
0;3896;0
-3.5110488839383205;3897;0
0;3898;0
-11.922572292668121;3899;8
0;3900;0
-3.7796476715650322;3901;0
0;3902;0
-3.7597794422841977;3903;0
0;3904;0
-3.535459292899266;3905;0
0;3906;0
-8.880306403761711;3907;5
0;3908;0
-4.5537327752220245;3909;1
0;3910;0
-3.8271220482945276;3911;0
0;3912;0
-3.482931993368945;3913;0
0;3914;0
-4.834334607042413;3915;1
0;3916;0
-4.824173514612749;3917;1
0;3918;0
-5.754686854642006;3919;2
0;3920;0
-3.570517582130428;3921;0
0;3922;0
-3.2339437448493555;3923;0
0;3924;0
-3.366606983620101;3925;0
0;3926;0
-3.5196859679779857;3927;0
0;3928;0
-3.382066294608855;3929;0
0;3930;0
-5.672479325381022;3931;2
0;3932;0
-5.962436600570615;3933;2
0;3934;0
-3.5940473684160317;3935;0
0;3936;0
-4.938068488307932;3937;1
0;3938;0
-3.8065365810293192;3939;0
0;3940;0
-3.811525622385691;3941;0
0;3942;0
-3.6316743382180454;3943;0
0;3944;0
-3.0779139680419303;3945;0
0;3946;0
-3.3794202123919903;3947;0
0;3948;0
-3.7479531835681748;3949;0
0;3950;0
-3.404030755936005;3951;0
0;3952;0
-4.84616839277172;3953;1
0;3954;0
-8.730565189683066;3955;5
0;3956;0
-3.944329777322695;3957;0
0;3958;0
-3.802986365096227;3959;0
0;3960;0
-3.7311684283117383;3961;0
0;3962;0
-3.720890722976394;3963;0
0;3964;0
-3.715667352441445;3965;0
0;3966;0
-3.666544368278836;3967;0
0;3968;0
-3.7942813062133647;3969;0
0;3970;0
-5.889699460379721;3971;2
0;3972;0
-5.96169405786905;3973;2
0;3974;0
-5.661595568578124;3975;2
0;3976;0
-4.881501043770367;3977;1
0;3978;0
-6.960967887451852;3979;3
0;3980;0
-3.5596443177947634;3981;0
0;3982;0
-5.907041007409932;3983;2
0;3984;0
-5.87788873873831;3985;2
0;3986;0
-3.7743341080799757;3987;0
0;3988;0
-3.210765905435994;3989;0
0;3990;0
-4.991841271368945;3991;1
0;3992;0
-3.602472284615654;3993;0
0;3994;0
-4.790752897642984;3995;1
0;3996;0
-3.6169421324915754;3997;0
0;3998;0
-3.6591402253414307;3999;0
0;4000;0
-4.815660086905943;4001;1
0;4002;0
-5.830471834962973;4003;2
0;4004;0
-3.240164970313181;4005;0
0;4006;0
-3.904476437346385;4007;0
0;4008;0
-3.8154192483752585;4009;0
0;4010;0
-3.77043103325449;4011;0
0;4012;0
-3.6995669412705645;4013;0
0;4014;0
-3.2308078378581233;4015;0
0;4016;0
-4.867222317613453;4017;1
0;4018;0
-6.426104164018703;4019;3
0;4020;0
-3.962404758190397;4021;0
0;4022;0
-4.910363336411969;4023;1
0;4024;0
-3.6467829440312807;4025;0
0;4026;0
-3.69135784490303;4027;0
0;4028;0
-4.949225078919515;4029;1
0;4030;0
-3.8595971947054943;4031;0
0;4032;0
-5.8810065715725575;4033;2
0;4034;0
-3.5331029198121104;4035;0
0;4036;0
-3.6758281508939903;4037;0
0;4038;0
-3.602966434706863;4039;0
0;4040;0
-4.950602569049388;4041;1
0;4042;0
-3.727206174801438;4043;0
0;4044;0
-3.5497543043019886;4045;0
0;4046;0
-3.6700510220432627;4047;0
0;4048;0
-7.97276929295878;4049;4
0;4050;0
-4.584768151734929;4051;1
0;4052;0
-3.5170219789365227;4053;0
0;4054;0
-4.854536993723493;4055;1
0;4056;0
-3.308718392122735;4057;0
0;4058;0
-3.622644614450585;4059;0
0;4060;0
-3.569232978343851;4061;0
0;4062;0
-3.49556715074259;4063;0
0;4064;0
-3.7173588701089955;4065;0
0;4066;0
-5.926457739348818;4067;2
0;4068;0
-3.7346080186692387;4069;0
0;4070;0
-3.4735181826142267;4071;0
0;4072;0
-4.721695436112247;4073;1
0;4074;0
-3.7227766087269183;4075;0
0;4076;0
-3.43099990389917;4077;0
0;4078;0
-3.939416390597174;4079;0
0;4080;0
-5.773492446913337;4081;2
0;4082;0
-3.317558748987781;4083;0
0;4084;0
-3.3952285627386436;4085;0
0;4086;0
-3.935189782166743;4087;0
0;4088;0
-3.5564876046321983;4089;0
0;4090;0
-7.858930821723747;4091;4
0;4092;0
-5.958096958148854;4093;2
0;4094;0
-3.550508199458782;4095;0
0;4096;0
-3.4730522792051364;4097;0
0;4098;0
-3.5249172706355854;4099;0
0;4100;0
-5.837240878068234;4101;2
0;4102;0
-5.749778992088084;4103;2
0;4104;0
-3.4656871381738017;4105;0
0;4106;0
-3.7321181378190733;4107;0
0;4108;0
-4.723968361981415;4109;1
0;4110;0
-3.495592369463921;4111;0
0;4112;0
-3.6898238731079487;4113;0
0;4114;0
-5.994481639812941;4115;2
0;4116;0
-3.037640628419033;4117;0
0;4118;0
-3.5422200634953995;4119;0
0;4120;0
-3.4068197744666913;4121;0
0;4122;0
-4.824358154193736;4123;1
0;4124;0
-3.3386803298117664;4125;0
0;4126;0
-3.4280627289433396;4127;0
0;4128;0
-4.794529366945684;4129;1
0;4130;0
-4.961946584967934;4131;1
0;4132;0
-3.5664881849847276;4133;0
0;4134;0
-4.921680576409393;4135;1
0;4136;0
-4.901095313798763;4137;1
0;4138;0
-4.825134444418746;4139;1
0;4140;0
-3.495725748614951;4141;0
0;4142;0
-4.860620526645247;4143;1
0;4144;0
-5.64983130522283;4145;2
0;4146;0
-7.843699652950299;4147;4
0;4148;0
-3.6883934729452306;4149;0
0;4150;0
-3.6234353046256143;4151;0
0;4152;0
-3.441220330273323;4153;0
0;4154;0
-3.194263758772908;4155;0
0;4156;0
-4.667927518034855;4157;1
0;4158;0
-3.334790880274442;4159;0
0;4160;0
-6.921728039255374;4161;3
0;4162;0
-4.654822261205593;4163;1
0;4164;0
-3.699346044453968;4165;0
0;4166;0
-3.7545716023739186;4167;0
0;4168;0
-3.5486907094764284;4169;0
0;4170;0
-3.7882332858491123;4171;0
0;4172;0
-10.891041327169392;4173;7
0;4174;0
-3.6416605862825113;4175;0
0;4176;0
-4.9645079181338865;4177;1
0;4178;0
-3.446874812842754;4179;0
0;4180;0
-4.7265625070535755;4181;1
0;4182;0
-3.590600255261358;4183;0
0;4184;0
-6.672641218751752;4185;3
0;4186;0
-3.1665665766446134;4187;0
0;4188;0
-4.480050401348943;4189;1
0;4190;0
-3.4073225102692097;4191;0
0;4192;0
-5.55038580783491;4193;2
0;4194;0
-3.548604481382707;4195;0
0;4196;0
-3.4740316926118053;4197;0
0;4198;0
-5.821181463834835;4199;2
0;4200;0
-5.7725940515208665;4201;2
0;4202;0
-5.4292543999506595;4203;2
0;4204;0
-5.881492263030067;4205;2
0;4206;0
-3.7896345739999058;4207;0
0;4208;0
-3.42942311038498;4209;0
0;4210;0
-3.4492889275705014;4211;0
0;4212;0
-3.493749336091464;4213;0
0;4214;0
-5.824665098561929;4215;2
0;4216;0
-4.92711725239592;4217;1
0;4218;0
-3.63765283597091;4219;0
0;4220;0
-3.5557070966626547;4221;0
0;4222;0
-3.9064538582655444;4223;0
0;4224;0
-3.0938654158267846;4225;0
0;4226;0
-5.919580156028008;4227;2
0;4228;0
-3.663264715314128;4229;0
0;4230;0
-3.7827840269418243;4231;0
0;4232;0
-3.5394655274694866;4233;0
0;4234;0
-3.5557316833840544;4235;0
0;4236;0
-4.74223430689357;4237;1
0;4238;0
-3.5060109404479607;4239;0
0;4240;0
-9.905208311666106;4241;6
0;4242;0
-5.745272427375852;4243;2
0;4244;0
-4.763802331848481;4245;1
0;4246;0
-2.8516414343997893;4247;0
0;4248;0
-3.9701758413683175;4249;0
0;4250;0
-3.6495296137351074;4251;0
0;4252;0
-3.5144173798190774;4253;0
0;4254;0
-4.8946777811133435;4255;1
0;4256;0
-4.930008726045664;4257;1
0;4258;0
-6.86287073385381;4259;3
0;4260;0
-3.533324040260233;4261;0
0;4262;0
-3.4783138555522704;4263;0
0;4264;0
-3.5015944817305598;4265;0
0;4266;0
-5.776916106017363;4267;2
0;4268;0
-3.8390201939917583;4269;0
0;4270;0
-3.282211743201715;4271;0
0;4272;0
-6.637521546159606;4273;3
0;4274;0
-3.3851460798864217;4275;0
0;4276;0
-3.1730351373202987;4277;0
0;4278;0
-3.488964470326399;4279;0
0;4280;0
-3.758623457059045;4281;0
0;4282;0
-3.7784716961377667;4283;0
0;4284;0
-3.7565791175413636;4285;0
0;4286;0
-3.4742103611599187;4287;0
0;4288;0
-4.868783097126912;4289;1
0;4290;0
-3.4467505774596265;4291;0
0;4292;0
-3.435489299499924;4293;0
0;4294;0
-3.6201924841726987;4295;0
0;4296;0
-4.872199203524788;4297;1
0;4298;0
-3.437392738715172;4299;0
0;4300;0
-11.58376387145052;4301;8
0;4302;0
-3.335256207289552;4303;0
0;4304;0
-3.233136848303815;4305;0
0;4306;0
-3.5813383979713844;4307;0
0;4308;0
-4.763156404713844;4309;1
0;4310;0
-3.279390441396976;4311;0
0;4312;0
-3.4891386580431742;4313;0
0;4314;0
-5.697225327045348;4315;2
0;4316;0
-4.706498921914414;4317;1
0;4318;0
-3.7267911979940904;4319;0
0;4320;0
-4.859837463362229;4321;1
0;4322;0
-3.835998007026945;4323;0
0;4324;0
-3.953936025402073;4325;0
0;4326;0
-4.932218519705009;4327;1
0;4328;0
-3.601893284388411;4329;0
0;4330;0
-5.975089414381282;4331;2
0;4332;0
-7.8993599238068075;4333;4
0;4334;0
-4.903277268086358;4335;1
0;4336;0
-3.0969339419166926;4337;0
0;4338;0
-4.9534224357693075;4339;1
0;4340;0
-3.546085047558356;4341;0
0;4342;0
-6.981075553717348;4343;3
0;4344;0
-3.523820235521983;4345;0
0;4346;0
